iso3,year,rate,victims
TCA,2024,103.149276343358,48
HTI,2024,64.33606564827,7574
KNA,2024,59.7741391456568,28
VCT,2024,50.687763377594,51
TTO,2024,41.5179520374802,626
LCA,2024,40.6134296928679,73
JAM,2024,40.3638380867682,1146
ZAF,2024,39.7189774932538,25423
ECU,2024,38.9402484715387,7062
BHS,2024,29.9040826548845,120
BLZ,2022,28.0582917218107,113
MAF,2016,26.8997982515131,10
MEX,2024,25.6378892147758,33550
COL,2024,24.3541040593574,12880
HND,2024,23.9153049037414,2589
GTM,2024,22.7584390807546,4189
LSO,2024,22.2039447297183,519
BRA,2024,18.6911635044563,39625
DMA,2024,18.1255192206027,12
CRI,2024,17.1153100151855,878
NGA,2023,15.7466808233499,35884
IRQ_C,2021,15.3974059474885,5459
PRI,2024,15.205705748312,493
GUY,2024,14.07795698763,117
VEN,2023,13.812304038599,3909
SWZ,2024,13.6785531952899,170
GRD,2023,13.6657527694502,16
GUF,2020,13.3880898304997,38.69901
BWA,2023,12.9825910308439,322
ATG,2024,12.7970652063793,12
PAN,2024,12.7779904982243,577
URY,2024,11.2797912352774,382
PLW,2018,11.2268096213758,2
NAM,2021,11.2077806904171,315
DOM,2024,9.11830936393492,1042
UGA,2024,8.81933788286006,4411
PER,2021,8.60480803979216,2853
SYC,2022,7.96669919735506,10
RUS,2024,7.82141065835721,11327
BRB,2024,7.43448361315904,21
CPV,2020,6.99464423976475,36
PRY,2024,6.88395825579259,477
CMR,2022,6.76008919336955,1868
ZWE,2022,6.75833125350771,1086
WSM,2018,6.26258538794308,13
BMU,2023,6.18257133141674,4
CHL,2024,6.10682496379986,1207
USA,2023,5.76340794073065,19796
GLP,2016,5.68415615612647,23
BDI,2016,5.64974214487878,635
MNG,2024,5.6394114295908,196
NIC,2023,5.45165735512843,372
GRL,2016,5.35131374752502,3
ZMB,2015,5.20150860823759,853
TUN,2020,4.69348024650292,562
KEN,2024,4.64976623716666,2624
CUB,2019,4.46315139638841,500
CYM,2020,4.3677976836113,3
PAK,2024,4.32882404941659,10877
GUM,2019,4.32611490161179,7
PHL,2024,4.31184545651845,4995
SUR,2024,4.25578195264733,27
AFG,2023,4.22388154644047,1751
AGO,2016,4.09826656345614,1196
TLS,2015,4.06594633033822,49
ARG,2024,3.94343865969129,1802
MMR,2022,3.90276297667527,2098
UKR,2021,3.77663964401616,1673
ISR,2024,3.717899427305,349
BOL,2024,3.64930721567929,453
RWA,2020,3.61247427164444,472
TZA,2024,3.30075090113927,2263
SLV,2024,3.29746979935764,209
LVA,2024,2.77796846631833,52
IND,2023,2.71593253265609,39057
MUS,2024,2.67470336359682,34
LTU,2024,2.65817031491798,76
LBN,2024,2.63522243473368,153
AND,2020,2.58464719565779,2
KAZ,2022,2.55058633787163,511
LKA,2022,2.50930973618747,573
LIE,2024,2.50815149235014,1
MNE,2024,2.50595752245377,16
BTN,2020,2.46751324015657,19
TUR,2024,2.41215070042969,2110
FJI,2024,2.36868852176609,22
SLE,2020,2.22431228940123,176
ARM,2024,2.18572583163085,65
NPL,2020,2.13004129984372,617
ISL,2024,2.03357689653288,8
GEO,2019,2.02806499553233,77
MDA,2024,2.00991083738981,61
AZE,2024,1.9929227057989,206
CAN,2024,1.98276753585526,788
XKX,2021,1.89497747704421,33
GHA,2022,1.83111773115644,607
EST,2024,1.76399768916303,24
BGD,2023,1.76302155884348,3023
ALB,2024,1.75516237132466,49
MAR,2024,1.66749065213931,635
BLR,2024,1.53477603753068,139
LUX,2022,1.5306610542428,10
NZL,2022,1.46149415952832,75
UZB,2021,1.39879762685076,479
DZA,2024,1.38205611607093,647
FRA,2024,1.32534857400044,882
EGY,2017,1.31152527182627,1360
MKD,2024,1.26165038132011,23
BGR,2024,1.16903879188868,79
ROU,2024,1.12016310416234,213
GNB,2017,1.11876398954435,21
BEL,2021,1.08030153549307,125
SVK,2024,1.07141050921145,59
GBR_S,2023,1.03823245478224,57
TKM,2015,1.01355101620555,63
HRV,2024,1.00636720791159,39
MRT,2020,0.999971522550119,46
AUT,2024,0.986754141324902,90
BIH,2024,0.979694101577845,31
CYP,2024,0.957091384557846,13
TON,2019,0.946346864516251,1
AUS,2024,0.943353670965352,252
GBR_E_W,2023,0.930083870066495,566
FIN,2023,0.928374894921798,52
MLT,2024,0.926600285022248,5
DEU,2024,0.921323883995885,779
FSM,2019,0.906766290056401,1
TJK,2020,0.892370798940089,87
SRB,2024,0.890707780154318,60
SWE,2024,0.867351830616747,92
GRC,2024,0.845954939563237,85
JOR,2024,0.839617771367061,97
DNK,2024,0.836482410782459,50
SAU,2024,0.800877278615474,272
KWT,2022,0.784397377454524,36
ESP,2024,0.728441170438818,349
PRT,2023,0.709441652163059,74
SVN,2024,0.707982478849613,15
IRL,2024,0.704088996849202,37
HUN,2024,0.702759970936741,68
NOR,2024,0.699343334540747,39
MYS,2024,0.68620912445242,244
POL,2024,0.677232514498679,261
NLD,2024,0.658301068123655,120
MDV,2019,0.615093155858455,3
CZE,2024,0.614762172267724,66
ITA,2024,0.566201157756669,336
GBR_NI,2023,0.520729729814172,10
ARE,2023,0.516816212919259,55
CHE,2024,0.504372291310641,45
CHN,2020,0.5018560705357,7157
KOR,2024,0.489195262192225,253
IDN,2024,0.414832475557544,1176
HKG,2023,0.376205815214825,28
VUT,2020,0.3346065111081,1
PSE,2024,0.272953427048556,15
JPN,2024,0.22868124913391,283
BHR,2022,0.195636140255462,3
SGP,2024,0.171456386553224,10
MAC,2024,0.138838367149732,1
OMN,2023,0.138633928990513,7
QAT,2022,0.0691454145354033,2
ASM,2019,0,0
MSR,2018,0,0
TUV,2019,0,0
GIB,2024,0,0
VAT,2024,0,0
IMN,2016,0,0
WLD,2024,5.14492609806152,
