year,partner_m49,partner_iso3,partner_name,net_weight_kg,value_usd
2024,24,AGO,Angola,28721490000,17208631211
2024,8,ALB,Albania,146,1582
2024,784,ARE,United Arab Emirates,35532280000,22068408683
2024,32,ARG,Argentina,30000000,17790061
2024,36,AUS,Australia,562152500,391884757
2024,48,BHR,Bahrain,16,386
2024,76,BRA,Brazil,36837620000,21888253222
2024,124,CAN,Canada,9170467000,4744004921
2024,120,CMR,Cameroon,1296420500,767672576
2024,180,COD,Dem. Rep. of the Congo,244260000,154086450
2024,178,COG,Congo,6551079000,3923926991
2024,170,COL,Colombia,8092141000,4289767779
2024,218,ECU,Ecuador,5678949000,2985294954
2024,266,GAB,Gabon,2879881000,1760804870
2024,826,GBR,United Kingdom,1583952000,1041635611
2024,288,GHA,Ghana,1896222000,1266720123
2024,226,GNQ,Equatorial Guinea,1225518900,778867564
2024,328,GUY,Guyana,452842600,278340288
2024,360,IDN,Indonesia,147279903,92094578
2024,699,IND,India,89,685
2024,368,IRQ,Iraq,63838060000,37030183310
2024,398,KAZ,Kazakhstan,2033079200,1248518281
2024,414,KWT,Kuwait,15970070000,9612844681
2024,434,LBY,Libya,1756156100,1138833599
2024,484,MEX,Mexico,1047573000,584138654
2024,496,MNG,Mongolia,568697700,322198066
2024,508,MOZ,Mozambique,30530416,21700234
2024,458,MYS,Malaysia,70157360000,38348163667
2024,562,NER,Niger,149952166,88152135
2024,566,NGA,Nigeria,1212117400,768761843
2024,579,NOR,Norway,2523072000,1571220016
2024,554,NZL,New Zealand,35493200,22073972
2024,512,OMN,Oman,40767880000,25045149223
2024,598,PNG,Papua New Guinea,551921900,374786344
2024,634,QAT,Qatar,10177614000,6149954812
2024,643,RUS,Russian Federation,108469240000,62589755078
2024,682,SAU,Saudi Arabia,78637619000,47910307938
2024,686,SEN,Senegal,1177787000,652629810
2024,728,SSD,South Sudan,462716100,299964621
2024,148,TCD,Chad,1214666400,744700015
2024,764,THA,Thailand,362811500,225824256
2024,842,USA,USA,9639382000,6019333900
2024,862,VEN,Venezuela,1498370000,728570105
2024,704,VNM,Viet Nam,25504000,18904964
2024,710,ZAF,South Africa,21672500,11742517
2025,24,AGO,Angola,29760880507,15594930807
2025,8,ALB,Albania,139,1342
2025,784,ARE,United Arab Emirates,37530508241,20818102280
2025,32,ARG,Argentina,354506475,188683757
2025,36,AUS,Australia,643616001,404141357
2025,31,AZE,Azerbaijan,61134643,30067016
2025,76,BRA,Brazil,47195623824,24002093199
2025,96,BRN,Brunei Darussalam,203330000,118773443
2025,124,CAN,Canada,16321337598,7438473603
2025,120,CMR,Cameroon,397533810,201488358
2025,180,COD,Dem. Rep. of the Congo,118412000,64857739
2025,178,COG,Congo,9009701968,4715277544
2025,170,COL,Colombia,8301946815,3727267226
2025,192,CUB,Cuba,43,1027
2025,12,DZA,Algeria,181109985,104804040
2025,218,ECU,Ecuador,8167423259,3829745948
2025,266,GAB,Gabon,4282017263,2284851208
2025,826,GBR,United Kingdom,2409911887,1379405299
2025,288,GHA,Ghana,4099361219,1948004725
2025,226,GNQ,Equatorial Guinea,1128607842,635275938
2025,328,GUY,Guyana,1904399884,887411929
2025,360,IDN,Indonesia,14526179979,6742475926
2025,368,IRQ,Iraq,64630656934,33326290273
2025,398,KAZ,Kazakhstan,3900057952,2086501151
2025,414,KWT,Kuwait,19021756533,10063926077
2025,434,LBY,Libya,1384787129,784711002
2025,484,MEX,Mexico,797655631,420015325
2025,496,MNG,Mongolia,480381030,208132885
2025,508,MOZ,Mozambique,62175070,37987315
2025,458,MYS,Malaysia,64742423979,31022551414
2025,562,NER,Niger,286218270,137219829
2025,566,NGA,Nigeria,1049594122,582324164
2025,579,NOR,Norway,1752006607,944460149
2025,554,NZL,New Zealand,31103785,20257273
2025,512,OMN,Oman,35360880847,19462295110
2025,598,PNG,Papua New Guinea,79015620,47928167
2025,634,QAT,Qatar,7249808477,3985192349
2025,643,RUS,Russian Federation,100855331239,49039765736
2025,682,SAU,Saudi Arabia,80770283624,43389398132
2025,686,SEN,Senegal,923692699,500293317
2025,728,SSD,South Sudan,608290719,301439641
2025,148,TCD,Chad,928841673,544947834
2025,768,TGO,Togo,2510218405,997631899
2025,626,TLS,Timor-Leste,24376749,14658567
2025,780,TTO,Trinidad and Tobago,2183457320,873185521
2025,792,TUR,Türkiye,,679
2025,842,USA,USA,2286623122,1325315528
2025,862,VEN,Venezuela,444118304,198844954
2025,704,VNM,Viet Nam,24816470,15456727
