name,iso3,1965,1966,1967,1968,1969,1970,1971,1972,1973,1974,1975,1976,1977,1978,1979,1980,1981,1982,1983,1984,1985,1986,1987,1988,1989,1990,1991,1992,1993,1994,1995,1996,1997,1998,1999,2000,2001,2002,2003,2004,2005,2006,2007,2008,2009,2010,2011,2012,2013,2014,2015,2016,2017,2018,2019,2020,2021,2022,2023,2024,2025
Algeria,DZA,26.7,35.4,33.3,35.4,37.7,43.0,48.9,53.5,58.8,65.6,72.9,84.7,95.2,99.4,118.6,120.2,130.1,137.7,155.1,171.8,176.3,179.9,182.6,181.8,192.0,212.2,207.5,209.6,208.4,202.2,196.5,185.5,185.6,192.3,185.5,190.4,197.6,220.0,228.9,238.3,249.3,257.6,286.0,308.7,326.5,329.4,349.5,369.8,387.4,400.6,425.0,412.4,407.7,413.4,430.2,385.4,405.0,418.3,439.9,461.4,469.7
Argentina,ARG,455.9,471.1,484.1,493.5,516.7,473.2,505.4,501.6,507.3,506.0,480.8,494.5,520.4,517.3,550.5,508.0,478.9,467.5,479.1,458.5,427.4,442.2,469.8,471.4,436.5,408.9,429.4,450.3,444.2,469.6,467.1,467.1,501.2,519.2,536.7,483.7,461.9,435.4,443.4,482.6,501.1,525.7,575.5,575.6,547.6,577.3,605.9,641.5,655.0,655.9,657.2,655.2,632.9,610.6,569.0,514.4,608.2,674.0,651.6,597.1,596.1
Australia,AUS,343.9,367.4,401.5,436.0,451.0,496.8,523.1,532.2,569.9,603.9,600.0,612.7,643.2,665.0,674.6,642.3,635.2,628.1,606.0,620.2,629.8,619.2,633.5,662.1,691.0,710.9,688.9,701.7,728.4,753.2,775.4,792.9,810.9,813.0,829.0,827.4,830.2,840.2,835.7,849.0,867.7,894.2,917.1,923.7,909.6,935.0,979.6,1000.7,1031.1,1025.1,1015.5,1017.2,1063.3,1076.2,1064.4,915.5,940.9,999.1,1057.8,1087.0,1092.3
Austria,AUT,106.7,118.2,125.6,144.3,158.7,175.7,196.2,211.9,230.4,207.1,209.8,225.9,218.2,236.5,246.1,240.1,219.2,208.7,204.0,198.3,200.1,210.2,216.7,215.3,213.6,216.7,233.7,229.6,234.0,230.9,232.1,252.1,251.1,264.7,252.6,249.4,265.0,271.0,287.4,291.3,292.8,291.4,280.9,272.3,257.8,265.5,249.8,245.5,251.4,244.3,246.9,252.9,253.9,259.2,265.5,228.3,243.6,233.8,233.3,229.0,224.4
Azerbaijan,AZE,,,,,,,,,,,,,,,,,,,,,160.4,168.1,158.4,161.9,158.4,166.2,160.4,155.9,150.9,140.2,125.5,111.7,106.9,112.2,107.8,120.3,79.3,72.9,84.4,90.5,106.2,96.1,95.2,78.7,69.0,68.5,89.2,92.8,101.4,100.2,100.3,98.6,100.2,113.6,115.2,105.1,120.1,126.2,131.3,127.9,128.6
Bangladesh,BGD,,,,,,,14.0,16.9,19.0,19.6,23.1,24.9,24.6,26.2,28.9,32.4,33.6,33.2,29.7,29.9,33.6,36.1,35.8,35.8,39.4,38.2,35.4,39.3,44.1,46.1,60.1,61.1,70.6,78.1,69.2,68.0,81.4,73.7,75.6,78.3,80.5,80.8,78.0,77.2,73.2,81.3,102.1,114.9,116.8,128.5,155.4,160.4,181.0,208.1,203.7,171.0,233.1,274.7,259.6,241.1,279.4
Belarus,BLR,,,,,,,,,,,,,,,,,,,,,491.0,580.7,574.8,555.7,522.2,518.2,509.6,375.9,290.3,236.6,205.3,203.2,179.2,169.3,155.9,156.9,152.0,161.7,164.4,160.0,149.6,175.4,161.1,158.6,179.3,157.9,173.9,213.1,159.2,163.3,137.3,147.0,146.8,170.7,174.4,166.4,170.4,162.7,161.7,157.6,158.1
Belgium,BEL,312.1,318.7,350.4,405.1,468.3,511.7,525.2,566.9,597.9,529.4,503.8,523.6,516.8,551.4,550.7,505.6,465.8,441.2,403.9,392.5,400.2,450.0,454.6,466.3,460.0,465.0,498.0,508.3,500.6,550.7,551.0,592.1,606.5,616.0,598.4,607.4,618.2,618.8,649.4,655.0,656.1,651.0,656.0,691.3,617.9,643.4,605.2,586.5,603.7,597.5,613.3,616.3,621.8,668.7,626.6,541.4,600.2,582.8,567.7,578.4,580.1
Brazil,BRA,305.7,334.6,344.5,412.4,456.6,541.6,593.1,680.3,825.1,910.1,935.2,1002.2,1029.8,1125.5,1183.2,1158.6,1104.4,1134.1,1065.7,1070.4,1104.7,1191.0,1225.2,1255.0,1282.0,1278.3,1301.5,1317.7,1377.5,1451.5,1541.8,1654.1,1793.0,1884.3,1904.8,1965.8,1986.4,1937.0,1875.3,1937.1,1974.8,2023.0,2116.9,2198.7,2200.2,2357.4,2475.5,2603.2,2697.7,2770.1,2622.4,2489.2,2516.3,2388.9,2417.4,2251.0,2412.8,2513.3,2577.6,2573.5,2609.7
Bulgaria,BGR,71.2,81.1,101.8,120.5,148.5,172.6,189.5,196.5,208.0,216.2,229.3,238.0,248.3,255.4,262.8,271.3,243.0,236.1,229.2,220.3,201.9,212.8,204.9,217.0,212.9,199.2,130.7,118.8,130.7,123.1,127.0,118.1,93.5,100.1,93.5,89.4,93.5,93.1,100.2,96.7,106.0,107.3,105.7,104.0,94.4,85.4,81.2,84.3,79.0,85.3,94.8,96.8,101.6,100.9,105.2,94.8,99.6,106.8,106.1,110.4,111.1
Canada,CAN,1108.1,1167.5,1245.6,1322.2,1380.2,1471.6,1512.1,1588.9,1754.9,1787.3,1775.0,1814.4,1835.8,1904.9,1985.8,1943.5,1875.6,1731.8,1648.8,1666.4,1699.0,1756.1,1811.2,1906.4,1977.1,1754.8,1677.3,1720.9,1752.0,1793.1,1898.9,1936.5,2002.6,2033.6,2092.1,2062.7,2138.5,2231.6,2301.8,2400.7,2348.4,2376.6,2436.9,2342.0,2290.9,2396.4,2405.4,2411.2,2418.4,2408.1,2433.7,2425.7,2387.9,2454.0,2461.9,2155.8,2201.6,2287.5,2316.3,2357.6,2393.4
Chile,CHL,69.6,76.5,80.6,85.1,91.5,96.8,107.0,111.0,107.2,104.5,92.0,95.3,99.5,105.5,109.8,111.2,112.0,103.6,101.8,100.4,97.4,102.9,107.8,118.8,132.8,140.2,156.4,169.1,184.8,198.2,217.7,231.1,249.5,255.8,259.5,248.0,242.3,246.3,243.9,267.2,274.8,283.4,352.0,369.2,351.4,325.2,336.6,349.9,348.4,347.3,339.8,358.6,365.9,379.1,378.1,345.5,380.0,411.0,406.5,402.3,399.7
China,CHN,215.5,276.7,273.3,298.0,400.6,554.2,753.3,864.6,1058.3,1216.7,1342.0,1534.1,1624.9,1819.1,1827.1,1643.0,1561.8,1549.6,1586.0,1643.0,1734.5,1846.3,1965.2,2116.1,2224.5,2203.7,2391.7,2590.8,2904.1,2965.1,3220.4,3565.9,3930.1,4068.2,4317.6,4655.4,4762.1,5144.3,5738.2,6689.6,6815.7,7322.6,7681.4,7818.7,8166.0,9307.2,9629.8,10060.6,10563.4,11017.9,11889.8,12297.5,13003.9,13642.4,14086.4,14216.5,14833.5,15075.7,16792.0,16901.4,17360.4
China Hong Kong SAR,HKG,40.6,44.7,53.6,58.3,69.6,74.9,79.6,90.0,93.9,96.4,91.2,107.1,115.8,120.5,123.8,125.9,133.9,130.9,117.5,109.4,103.5,102.1,100.9,115.3,123.3,130.5,130.8,166.4,173.9,186.3,198.8,194.1,192.5,184.7,197.3,204.1,242.3,265.7,267.1,311.4,283.1,303.1,321.9,291.6,331.6,359.0,360.3,344.2,351.1,334.7,366.6,379.3,426.9,433.5,407.2,283.5,253.9,214.3,268.2,304.5,319.4
Colombia,COL,94.7,112.1,112.5,121.2,117.2,135.1,139.9,163.1,152.1,167.7,147.1,154.7,158.9,157.4,160.3,160.3,161.4,160.5,167.4,161.3,165.7,169.5,180.4,188.3,193.9,207.2,207.4,223.7,230.5,241.2,258.5,275.0,274.9,272.6,245.4,241.2,240.3,238.2,237.4,254.7,252.7,268.0,275.5,270.7,269.1,283.4,298.4,316.7,335.3,356.1,358.3,399.9,389.6,401.7,410.1,347.4,409.0,462.4,450.6,443.5,440.5
Croatia,HRV,,,,,,,,,,,,,,,,,,,,,,,,,,92.0,65.8,65.6,69.6,72.4,79.6,75.2,80.5,89.9,89.0,79.6,80.8,84.6,93.1,88.0,91.4,93.2,95.3,90.8,88.7,76.3,72.5,65.0,63.0,65.4,67.9,68.2,72.9,70.8,69.2,59.0,62.6,68.4,75.7,80.7,84.0
Cyprus,CYP,7.7,8.8,9.6,10.6,12.6,13.3,15.8,17.7,19.0,16.9,14.3,14.5,15.9,16.6,16.9,17.0,16.4,19.5,20.4,20.9,20.9,22.5,26.3,28.1,29.1,30.1,33.7,36.8,37.1,38.7,38.9,40.8,41.9,44.2,47.0,48.7,49.3,49.0,52.9,50.1,55.2,56.1,57.1,57.7,57.0,55.4,54.8,51.1,45.7,45.5,46.5,50.5,51.7,51.5,51.6,43.7,45.1,48.3,48.2,49.3,51.1
Czech Republic,CZE,78.1,85.9,95.5,105.6,113.5,136.7,151.2,164.7,184.9,189.0,208.1,218.7,229.7,237.9,241.9,224.6,222.4,206.1,201.9,215.6,211.7,205.1,205.4,198.0,189.6,182.8,151.3,162.0,153.0,158.1,165.6,170.2,167.1,173.4,172.5,167.3,176.7,173.2,184.4,203.2,210.8,208.7,208.2,209.6,198.8,194.7,189.3,187.1,179.5,192.2,186.5,172.0,205.3,206.6,209.5,181.0,200.6,205.2,203.4,210.0,208.3
Denmark,DNK,202.4,230.1,243.9,263.8,316.1,350.7,346.8,365.7,341.3,308.6,305.7,325.2,325.6,327.6,314.0,268.6,254.6,220.5,209.6,206.9,214.0,211.2,195.8,193.1,186.9,183.2,186.2,183.4,193.8,204.0,213.8,228.7,219.6,214.9,213.2,206.8,203.9,193.8,188.0,184.7,186.6,190.8,192.7,188.4,169.7,171.6,166.0,154.3,153.0,153.5,155.4,153.4,152.7,154.9,155.1,129.5,133.0,143.4,139.8,142.2,132.2
Ecuador,ECU,13.4,14.0,15.1,18.0,19.0,21.5,23.9,26.6,29.8,33.9,41.6,46.0,53.4,60.7,69.1,75.7,82.2,84.0,76.4,79.8,83.3,84.7,81.7,89.8,86.8,91.9,99.1,105.3,102.4,108.8,117.6,126.9,134.6,134.2,120.1,131.0,139.7,146.3,146.1,155.0,169.7,180.2,183.0,189.5,207.7,220.3,226.0,233.4,248.6,260.6,254.4,240.5,237.2,255.4,249.1,203.1,248.6,271.3,285.2,290.9,290.4
Egypt,EGY,130.7,139.9,115.7,120.5,91.5,117.1,122.0,139.7,131.6,145.4,159.4,187.5,201.5,208.8,229.0,255.8,296.0,336.0,368.6,398.2,406.2,408.3,431.0,428.7,446.3,457.2,449.4,432.2,408.7,426.7,462.6,488.5,517.9,545.5,561.6,552.6,529.6,529.3,544.2,572.5,606.4,594.3,641.6,679.1,714.7,735.1,745.2,757.6,767.4,800.6,814.9,843.3,808.7,727.6,691.9,606.6,654.8,755.9,742.1,776.2,779.4
Estonia,EST,,,,,,,,,,,,,,,,,,,,,65.7,65.0,65.6,66.0,68.1,61.9,56.7,31.6,33.4,31.3,24.7,26.6,26.4,26.3,24.6,21.2,24.1,24.9,24.4,25.2,26.0,28.2,29.7,28.7,25.7,26.3,26.1,30.6,30.2,28.6,28.8,28.6,30.2,29.8,26.7,27.2,26.8,27.9,26.6,27.2,25.5
Finland,FIN,110.6,134.5,141.2,159.5,184.6,207.5,215.1,227.9,255.0,223.2,231.3,246.9,244.6,246.8,260.6,251.5,241.5,224.3,209.2,211.6,214.7,225.1,225.9,225.1,225.7,229.1,227.7,226.3,213.4,221.5,208.7,206.1,205.6,215.2,216.3,219.0,222.2,226.9,230.2,229.1,226.7,231.8,233.4,220.2,207.3,216.8,208.4,197.5,205.9,200.3,200.4,209.9,202.2,201.0,202.9,181.1,175.0,181.5,161.5,166.8,167.9
France,FRA,1065.5,1145.2,1315.2,1418.7,1641.9,1860.0,2022.4,2237.7,2499.1,2374.8,2181.5,2349.0,2272.1,2398.8,2388.4,2220.0,2023.3,1883.3,1850.0,1786.5,1769.1,1809.7,1824.2,1807.4,1857.2,1863.9,2000.0,1995.2,1928.7,1873.7,1897.0,1937.0,1945.3,2018.9,2027.7,1992.5,1998.5,1944.7,1947.0,1958.9,1927.3,1921.1,1874.8,1828.0,1756.1,1704.6,1677.4,1619.2,1606.6,1553.7,1578.2,1548.1,1578.0,1537.9,1528.2,1288.1,1388.5,1380.8,1365.7,1362.3,1352.1
Germany,DEU,1708.6,1916.0,1997.3,2233.0,2520.9,2765.1,2888.1,3036.9,3249.3,2956.8,2874.8,3097.4,3072.8,3229.6,3336.6,3014.4,2753.7,2608.5,2564.0,2555.2,2643.5,2778.5,2719.7,2723.2,2571.5,2684.6,2810.2,2827.0,2881.3,2858.5,2859.6,2899.1,2893.6,2895.9,2803.3,2740.8,2779.7,2685.4,2632.0,2597.1,2549.9,2541.8,2304.8,2434.3,2338.9,2372.8,2293.6,2276.3,2336.2,2272.7,2269.1,2310.4,2467.6,2336.9,2362.1,2132.2,2122.3,2169.1,2033.9,2051.5,2039.1
Greece,GRC,84.8,92.8,109.2,112.2,119.9,129.9,143.3,164.9,192.4,179.7,191.0,203.2,208.2,228.0,240.9,246.0,231.5,236.6,226.8,232.1,241.9,244.4,265.4,273.3,297.6,313.8,316.3,323.0,331.6,339.5,354.2,366.5,372.8,389.9,381.3,396.8,403.7,406.3,427.4,417.7,421.8,439.7,446.1,426.2,402.4,366.0,349.6,304.7,282.1,280.6,293.7,293.4,297.8,294.4,303.6,245.8,260.7,296.9,295.3,301.3,304.7
Hungary,HUN,73.1,80.9,86.1,90.2,101.0,117.5,132.7,144.1,163.1,178.4,202.5,212.5,225.9,249.3,236.2,230.5,221.4,210.5,200.0,207.7,212.1,197.4,206.6,192.3,188.4,182.7,167.4,161.9,157.0,154.7,155.0,143.2,147.4,153.7,147.8,142.5,138.4,140.9,136.0,136.9,156.5,163.1,161.0,155.6,153.4,145.7,138.8,129.1,127.9,142.0,152.7,150.3,163.7,174.8,176.2,160.7,175.1,172.5,168.5,166.7,164.9
Iceland,ISL,9.4,10.1,9.9,10.5,9.7,10.0,10.8,11.6,13.5,12.5,11.8,11.8,12.4,13.0,12.6,11.6,11.4,10.4,10.1,10.6,10.7,10.8,11.7,12.2,13.2,14.0,13.3,14.3,14.7,14.8,15.3,15.9,16.8,17.4,18.1,18.2,17.3,18.1,17.9,19.1,18.7,20.3,20.5,22.5,21.6,14.6,14.4,14.2,14.8,15.6,16.9,18.7,20.7,22.6,19.2,12.6,14.8,18.7,19.6,20.1,20.3
India,IND,252.2,281.5,289.4,324.3,392.3,390.3,416.4,447.4,473.7,464.4,476.9,502.9,542.1,588.4,633.7,643.4,696.9,727.6,765.4,822.8,896.0,944.1,974.3,1069.5,1163.7,1211.9,1234.7,1299.8,1316.4,1416.7,1585.1,1704.7,1835.2,1971.5,2166.2,2279.5,2301.9,2382.5,2434.5,2576.0,2625.4,2772.1,2962.6,3100.2,3257.2,3337.2,3503.3,3701.7,3743.2,3864.6,4180.6,4573.9,4754.4,5004.4,5179.5,4738.0,4842.5,5208.7,5452.1,5613.5,5642.1
Indonesia,IDN,122.0,117.5,114.3,120.6,130.5,137.7,142.4,154.3,184.4,193.2,221.2,237.3,280.9,323.2,351.6,394.5,433.2,450.0,440.3,472.8,464.9,478.0,492.9,517.2,550.6,631.4,672.5,723.5,773.8,768.8,852.0,918.2,1018.0,971.6,1016.7,1112.3,1155.1,1160.3,1196.9,1261.7,1266.3,1222.4,1290.9,1320.0,1340.3,1424.8,1534.6,1616.3,1576.2,1576.4,1510.1,1458.7,1569.7,1620.8,1587.0,1405.5,1471.1,1596.6,1593.0,1627.0,1698.7
Iran,IRN,139.3,152.3,168.5,185.4,203.3,219.8,242.0,269.5,324.2,377.9,444.6,501.2,585.2,586.9,619.2,565.4,560.3,611.3,746.0,805.0,888.0,818.1,854.4,854.5,921.3,949.3,1007.1,1082.7,1189.6,1230.6,1210.6,1269.0,1312.2,1278.2,1306.6,1347.4,1392.9,1409.6,1419.6,1481.1,1594.9,1738.7,1740.3,1806.4,1770.8,1754.2,1765.0,1798.7,1933.3,1807.3,1604.5,1658.6,1705.8,1771.6,1857.5,1787.7,1896.4,1930.5,1959.4,1987.6,2007.7
Iraq,IRQ,30.4,32.5,34.8,37.3,40.0,52.6,56.4,68.1,67.2,66.7,67.8,83.6,98.7,105.2,128.0,153.2,152.3,158.3,185.4,204.2,233.4,260.1,266.0,290.0,331.9,330.3,221.0,350.3,477.9,540.1,534.1,536.9,656.3,476.1,331.9,494.7,566.9,536.5,483.9,524.5,497.9,487.2,443.5,492.3,470.3,565.3,624.4,665.4,724.2,697.0,701.0,713.8,827.1,817.8,820.9,611.5,725.2,769.9,844.9,847.2,893.2
Ireland,IRL,46.5,52.2,58.5,64.8,70.9,79.3,87.8,96.2,104.5,103.5,101.3,102.7,110.1,119.9,125.5,113.0,101.4,89.9,81.8,80.2,80.2,97.9,86.7,79.5,82.1,91.4,97.8,99.7,103.0,113.2,116.0,119.8,132.6,147.2,165.5,171.3,180.4,176.3,175.6,183.8,198.9,198.5,192.7,187.9,161.8,161.3,144.9,136.5,138.8,137.7,142.6,149.5,148.8,154.7,154.2,129.9,140.8,148.8,147.4,147.8,146.7
Israel,ISR,67.7,69.9,85.3,86.0,97.1,104.1,118.8,113.3,121.8,122.0,125.6,128.3,135.1,147.4,153.3,155.6,158.7,161.2,151.9,146.9,130.8,135.9,146.2,159.9,166.5,173.5,173.6,198.8,214.6,222.5,253.9,247.8,274.4,286.0,302.5,266.8,249.0,249.0,256.1,243.7,240.5,234.2,240.3,238.9,223.6,222.0,233.2,273.7,212.3,199.4,211.0,216.1,226.3,228.9,231.4,199.4,208.5,219.5,221.0,210.2,207.3
Italy,ITA,979.0,1079.9,1198.5,1318.7,1462.6,1658.9,1789.9,1885.6,1982.8,1927.0,1814.7,1890.7,1844.1,1975.6,2035.5,1929.3,1900.2,1809.4,1815.8,1732.3,1725.9,1765.9,1845.2,1876.3,1909.1,1857.3,1880.8,1909.3,1894.0,1870.0,1945.7,1916.9,1932.3,1938.7,1894.3,1870.3,1843.0,1874.7,1861.5,1842.7,1788.9,1800.5,1757.7,1668.9,1526.2,1523.8,1474.2,1355.2,1244.2,1255.4,1263.5,1231.5,1238.3,1260.6,1242.6,1018.0,1138.3,1241.8,1219.7,1243.9,1196.8
Japan,JPN,1727.5,2066.3,2450.2,2797.9,3439.0,4155.6,4491.5,4933.4,5596.3,5322.8,5281.2,5544.8,5621.8,5694.8,5617.5,5000.8,4748.5,4511.2,4624.5,4534.5,4465.0,4499.2,4709.4,4978.6,5167.3,5315.1,5417.6,5543.3,5483.8,5775.5,5825.3,5863.2,5838.5,5657.0,5752.6,5745.2,5576.3,5508.9,5653.0,5512.3,5598.2,5434.7,5248.6,5022.2,4581.5,4646.7,4641.6,4884.4,4683.0,4455.0,4329.6,4190.5,4143.3,4016.1,3905.4,3501.7,3590.5,3581.6,3507.0,3354.6,3314.3
Kazakhstan,KAZ,,,,,,,,,,,,,,,,,,,,,421.1,384.1,371.8,372.8,382.0,440.5,444.9,414.9,320.0,247.1,242.4,204.9,207.0,172.1,143.9,159.6,157.7,156.8,171.0,180.7,186.0,214.1,235.0,235.2,190.8,198.3,261.5,280.1,285.1,294.3,273.9,279.1,283.4,303.7,306.6,263.8,326.8,322.7,333.4,354.0,389.8
Kuwait,KWT,105.9,103.0,100.1,97.2,94.8,92.3,91.1,98.0,92.9,84.9,66.0,77.9,75.7,81.6,91.6,77.6,107.4,122.0,134.9,148.1,140.6,145.2,142.8,137.4,135.9,86.7,72.6,99.3,85.5,104.6,109.4,106.2,120.5,192.4,219.4,238.3,241.4,276.1,331.6,368.6,402.3,381.1,388.9,409.3,434.5,501.7,480.6,476.2,511.6,494.3,502.9,480.7,488.7,512.0,493.3,465.4,502.0,508.8,502.9,504.4,509.8
Latvia,LVA,,,,,,,,,,,,,,,,,,,,,112.4,94.7,77.0,68.8,69.0,78.0,64.4,53.5,50.9,48.9,38.9,40.3,35.6,34.3,32.3,27.7,31.5,31.9,32.8,34.0,35.6,37.1,39.6,37.9,35.8,36.5,33.5,33.5,34.0,34.1,36.0,37.2,37.8,34.3,38.9,34.1,35.6,34.2,34.3,31.5,31.4
Lithuania,LTU,,,,,,,,,,,,,,,,,,,,,167.2,139.9,153.6,147.3,151.6,135.1,147.3,84.6,74.5,68.4,63.1,65.5,66.3,75.4,60.5,48.6,53.4,52.3,49.9,53.8,58.3,57.7,58.8,62.3,53.7,54.7,52.9,53.3,52.0,51.2,55.8,61.0,62.9,66.8,66.9,62.4,63.3,63.8,65.7,64.7,58.9
Luxembourg,LUX,16.1,18.3,20.1,22.2,24.6,26.2,27.3,28.7,31.8,28.7,25.9,27.9,27.7,28.0,26.4,22.5,21.8,21.5,20.6,20.6,21.9,23.7,26.6,27.2,30.0,33.0,38.4,39.5,39.5,39.6,37.3,38.5,40.5,42.3,45.1,48.2,51.3,52.1,55.9,63.0,64.7,61.5,59.9,60.1,56.5,59.0,60.2,58.0,57.1,55.1,54.1,54.0,56.7,60.0,60.6,49.1,53.0,48.4,46.7,45.2,42.7
Malaysia,MYS,53.4,61.7,66.2,68.4,75.1,68.4,76.5,83.1,88.5,88.3,92.3,103.1,124.3,133.3,149.0,161.3,174.9,181.8,194.9,191.8,189.6,176.1,181.2,193.7,202.9,234.9,266.7,313.4,331.5,346.9,409.0,430.7,504.7,465.8,461.0,493.9,539.1,588.7,619.3,650.0,674.8,656.5,697.7,669.3,674.5,688.5,696.5,757.8,802.6,803.4,753.7,838.0,797.1,805.1,867.7,729.0,700.1,839.8,917.1,939.9,965.1
Mexico,MEX,315.9,333.0,357.3,386.1,410.0,440.7,467.3,523.4,564.2,629.5,690.2,753.8,780.2,888.9,961.9,1071.7,1195.7,1254.6,1227.7,1293.3,1356.9,1393.8,1448.3,1435.0,1537.5,1721.9,1794.4,1812.5,1801.3,1921.6,1817.1,1829.7,1869.0,1970.1,1961.0,2007.6,1972.4,1889.1,1911.7,1996.4,1992.4,1997.1,2115.3,2151.8,2070.0,2085.0,2099.6,2094.6,2057.9,1984.2,2022.5,2031.8,1978.8,1903.6,1745.8,1561.0,1693.3,1834.7,1804.4,1797.1,1788.9
Morocco,MAR,20.7,28.2,31.0,33.9,36.8,38.5,40.6,43.3,51.5,55.0,57.3,62.2,70.4,75.4,85.4,85.8,84.7,89.1,90.2,93.2,93.6,92.7,93.5,99.7,109.0,112.6,114.2,133.9,137.5,149.4,143.1,136.2,144.9,144.5,158.7,149.7,151.6,157.5,158.5,181.7,196.9,201.1,211.3,231.3,234.7,258.3,274.8,277.0,282.0,272.0,268.3,275.3,291.0,286.7,292.7,258.5,290.7,298.6,299.3,315.8,329.8
Netherlands,NLD,477.9,521.8,533.6,572.5,625.2,699.7,695.7,776.9,808.2,698.0,687.9,771.4,744.2,774.9,838.5,779.5,725.9,640.2,610.0,611.5,621.8,685.3,691.5,726.7,719.6,787.9,786.9,798.8,800.7,821.6,839.2,859.7,890.4,898.3,915.0,924.3,960.0,984.7,1015.3,1039.4,1063.1,1086.3,1096.0,1043.3,991.0,1006.6,1001.4,981.3,944.5,934.5,914.6,932.2,938.8,917.4,886.8,845.4,846.0,824.8,831.3,842.3,838.0
New Zealand,NZL,56.7,62.7,65.8,67.4,70.3,82.3,84.9,91.0,96.2,91.0,88.4,90.5,91.0,88.0,88.6,84.7,81.2,81.4,78.3,80.7,76.6,70.0,80.4,78.7,81.4,90.7,92.3,94.7,94.6,108.5,116.9,118.5,124.4,126.1,127.9,130.5,132.6,136.8,144.7,143.3,150.6,151.4,152.2,153.2,147.0,147.8,151.2,148.9,151.1,154.0,160.1,165.4,173.8,174.5,178.5,147.6,147.6,146.6,156.8,158.8,158.9
North Macedonia,MKD,,,,,,,,,,,,,,,,,,,,,,,,,,21.1,19.0,20.3,21.9,16.9,16.1,24.3,20.6,18.5,18.8,18.9,15.6,17.7,17.2,17.4,18.2,19.1,20.7,18.9,19.5,19.0,19.7,19.0,18.8,18.7,20.1,22.6,21.6,22.5,22.6,20.6,22.4,24.1,24.0,23.3,25.0
Norway,NOR,99.4,112.0,116.6,129.5,143.0,161.0,160.1,167.5,171.9,156.4,162.4,178.5,176.6,200.5,199.8,198.8,186.4,180.1,176.1,185.4,195.2,205.9,209.3,196.3,197.8,197.5,184.3,183.5,189.0,195.9,199.1,215.1,214.4,217.0,216.4,201.2,220.8,215.6,231.4,218.4,223.5,230.3,239.3,222.5,222.5,231.4,230.2,229.1,228.6,219.5,215.9,214.7,228.1,227.2,221.7,204.2,207.9,210.9,217.5,203.5,205.5
Oman,OMN,0.2,0.2,1.0,1.2,1.6,1.6,23.9,27.2,23.8,22.1,20.5,23.8,23.5,22.3,23.2,17.8,17.7,19.1,21.0,25.8,28.6,28.3,26.7,28.1,29.8,38.3,60.4,55.7,54.3,46.8,51.9,49.6,44.0,44.2,54.2,58.1,66.4,76.0,72.9,70.9,80.9,85.9,89.0,117.7,114.0,129.6,143.1,154.5,176.2,182.2,186.3,191.0,207.2,227.3,218.1,180.5,196.8,228.3,227.9,231.7,260.0
Other Africa,O-AFR,276.1,287.4,301.0,313.5,340.0,354.2,388.8,409.5,451.8,469.1,479.1,520.2,565.2,603.4,633.9,675.6,727.3,745.5,756.8,705.1,748.0,720.4,778.2,815.1,836.5,845.5,859.7,870.7,903.0,936.6,960.5,982.0,1011.7,1025.1,1080.7,1098.7,1155.0,1171.1,1196.0,1237.2,1310.1,1287.8,1314.6,1407.1,1487.4,1566.3,1558.2,1759.4,1904.4,1964.8,1999.0,2000.6,2077.3,2182.8,2261.3,2118.0,2319.7,2443.9,2439.5,2485.6,2620.0
Other Asia Pacific,O-AP,73.3,76.3,80.0,83.0,86.5,90.6,93.8,113.0,110.4,121.7,109.6,121.3,119.6,134.7,147.0,157.4,160.7,157.8,158.7,166.4,164.9,180.5,173.4,173.1,165.4,182.7,161.5,151.4,157.8,155.7,166.1,177.3,181.0,191.8,183.5,203.2,212.8,213.9,218.9,229.3,231.5,241.7,254.5,245.2,275.8,310.6,329.6,339.1,357.7,367.7,433.1,424.7,445.2,534.2,566.4,577.4,564.7,596.7,644.1,668.3,704.2
Other CIS,O-CIS,,,,,,,,,,,,,,,,,,,,,269.8,256.7,257.5,261.1,251.1,272.9,203.6,161.7,100.1,45.5,43.9,39.8,39.6,38.8,31.7,30.8,32.1,32.4,36.2,40.0,43.3,47.3,57.3,60.7,64.6,63.3,65.1,72.6,76.4,76.0,80.2,87.6,84.1,96.5,89.0,86.8,95.9,100.5,103.6,117.7,125.0
Other Caribbean,O-CAR,344.2,356.4,371.8,379.0,390.8,443.9,454.0,484.5,540.0,537.0,524.7,532.1,560.1,575.7,593.7,600.4,616.8,540.7,524.8,554.3,513.9,529.5,548.1,552.3,584.0,573.9,562.4,530.4,538.9,567.8,571.0,593.0,633.5,654.1,629.0,753.6,784.8,791.2,793.8,794.8,802.3,812.5,777.5,720.9,678.6,695.1,683.7,638.3,603.4,612.9,642.6,660.3,654.6,663.9,613.7,531.2,538.4,542.7,532.9,539.1,559.5
Other Europe,O-EUR,81.4,95.7,116.7,135.1,145.6,172.7,217.6,226.5,247.8,278.8,273.9,291.0,317.1,347.6,371.9,341.9,315.4,323.1,346.8,323.9,450.1,471.8,473.8,507.0,486.8,331.8,256.5,194.9,176.3,162.5,156.2,186.3,208.9,196.2,181.4,190.3,221.1,236.8,259.1,280.4,292.7,301.7,317.7,318.0,318.0,312.8,313.2,292.4,297.8,292.7,302.9,322.7,340.4,336.8,348.7,324.1,339.6,361.8,362.2,372.4,378.0
Other Middle East,O-ME,99.4,102.0,104.1,107.9,111.9,119.4,124.4,119.7,136.6,148.1,158.1,173.2,191.1,209.4,240.0,250.3,270.7,301.2,326.3,351.7,362.5,356.5,378.1,379.3,377.1,403.1,437.6,444.6,457.8,481.2,502.1,513.0,525.9,564.7,574.5,578.3,592.8,608.4,625.9,664.4,755.8,760.8,777.3,813.3,800.9,746.2,773.8,719.1,660.2,675.5,581.3,538.7,550.0,587.2,571.5,522.8,479.8,488.2,502.5,499.0,499.4
Other Northern Africa,O-NAFR,36.0,38.4,40.5,45.0,48.2,50.0,45.0,51.6,63.5,68.6,69.2,91.5,104.3,114.8,125.5,143.6,159.9,170.2,183.0,174.1,183.1,176.8,205.3,210.9,215.1,215.2,218.7,207.2,232.1,250.8,263.5,263.8,275.7,289.1,301.7,317.6,317.5,314.4,337.5,337.9,359.2,302.0,290.8,317.6,340.8,350.2,252.4,315.8,339.5,347.6,314.4,290.6,300.0,305.2,296.3,276.4,317.9,353.5,382.4,409.9,431.7
Other S. & Cent. America,O-SCA,472.4,486.0,505.7,516.0,535.6,594.1,609.2,648.4,714.7,713.9,722.4,737.7,777.4,804.1,828.0,822.8,835.9,750.8,724.6,754.5,716.4,730.9,760.3,767.6,807.0,796.9,804.3,797.6,823.3,873.5,913.4,935.5,995.0,1051.4,1037.0,1152.2,1195.9,1203.5,1221.5,1240.1,1247.3,1279.9,1271.9,1241.8,1200.4,1223.5,1233.2,1201.7,1179.5,1202.3,1268.7,1313.9,1325.2,1338.0,1333.9,1123.6,1220.9,1255.7,1280.9,1321.0,1356.0
Other South America,O-SAM,61.7,61.1,62.7,63.8,68.4,71.0,73.0,77.1,78.8,75.8,84.4,87.4,90.5,99.7,104.7,101.4,102.0,93.4,84.3,82.7,82.1,81.0,82.9,89.5,91.3,87.3,94.1,99.9,104.9,108.9,124.2,130.1,130.4,132.8,146.1,132.1,126.2,125.3,128.5,137.4,138.8,142.3,155.4,173.2,176.0,176.1,188.7,191.6,197.5,197.9,202.6,212.7,217.3,225.6,231.3,208.8,241.0,245.1,250.7,260.0,260.3
Other Southern Africa,O-SAFR,1.5,1.5,1.6,1.6,1.6,1.6,1.7,1.9,2.3,3.4,3.4,2.9,2.9,3.6,4.0,4.1,4.4,4.4,4.4,4.5,4.6,5.3,5.6,6.1,7.4,20.6,20.9,23.7,24.0,24.6,27.1,27.5,29.6,30.8,32.6,32.9,36.5,35.3,36.7,36.7,38.6,38.4,40.0,44.2,44.3,43.7,45.1,46.0,48.3,50.0,53.2,54.4,53.3,58.0,56.7,51.6,54.5,56.2,56.4,56.7,57.5
Pakistan,PAK,75.7,77.8,86.8,98.6,92.8,91.8,87.1,71.2,73.2,79.0,82.2,82.3,87.1,92.0,98.7,102.6,109.1,119.8,131.7,142.1,152.0,163.9,179.8,193.2,207.3,216.4,227.1,246.8,269.0,287.9,311.7,326.4,336.8,348.4,361.3,372.0,366.3,357.8,320.2,324.5,309.8,353.8,384.0,389.3,415.0,411.2,414.3,402.3,441.9,457.9,505.3,566.0,588.6,502.6,458.2,449.3,518.4,506.1,410.0,426.5,450.8
Peru,PER,72.1,92.3,93.0,92.8,91.0,95.4,95.3,81.6,95.4,112.1,117.6,118.6,118.3,116.9,121.4,131.0,134.4,132.9,116.0,119.1,115.0,124.0,136.9,134.0,119.0,119.2,110.7,115.8,121.1,131.5,148.0,152.4,151.7,152.9,156.6,152.8,145.6,144.8,137.9,151.9,151.9,145.1,152.2,170.2,173.9,184.0,203.8,204.1,215.4,213.0,226.5,240.8,246.7,254.1,262.0,201.1,248.0,257.7,266.7,275.7,296.7
Philippines,PHL,97.4,108.7,117.9,139.5,150.9,153.4,166.0,174.6,194.7,182.2,197.7,202.0,219.6,227.4,235.0,218.5,206.2,205.1,205.1,168.5,151.0,158.2,183.9,198.3,229.4,235.2,230.0,260.4,288.7,296.5,347.6,362.0,397.3,386.7,368.2,344.9,343.6,329.1,328.0,332.5,308.0,283.2,293.8,280.5,295.9,307.1,292.2,301.2,316.9,336.3,385.2,414.1,445.4,449.5,459.7,374.8,408.9,451.9,472.9,493.8,506.7
Poland,POL,108.7,113.9,124.2,154.4,170.3,181.1,191.0,213.6,238.1,250.0,271.6,298.1,320.0,342.8,349.1,346.7,325.1,307.3,318.7,326.0,332.0,344.3,349.2,356.8,356.4,285.0,277.8,293.1,304.9,325.1,338.5,375.2,398.9,414.0,429.9,430.0,418.9,423.0,433.2,461.1,481.6,515.7,530.7,541.9,539.2,564.0,556.0,531.9,500.3,501.0,528.1,576.0,650.4,666.9,682.9,643.7,674.5,701.4,694.5,701.8,724.7
Portugal,PRT,50.3,51.7,56.9,61.0,64.5,91.5,103.6,112.4,123.8,131.2,137.7,143.6,143.1,148.1,157.9,167.8,177.4,187.0,187.7,187.8,185.0,198.3,194.2,205.6,253.5,244.0,252.7,279.6,267.1,272.1,292.5,280.4,300.8,325.6,335.8,329.1,328.4,340.1,321.7,325.0,334.1,297.9,302.1,287.7,267.3,263.3,247.3,223.1,232.0,231.6,235.5,239.1,240.2,230.9,247.2,202.6,208.8,227.0,219.6,214.1,215.2
Qatar,QAT,1.0,1.0,1.5,2.0,2.3,2.0,1.9,2.2,2.9,4.0,4.8,6.6,8.6,8.5,9.2,8.2,15.0,16.4,18.3,22.1,22.6,28.9,28.6,30.3,32.8,32.1,27.2,32.3,35.0,40.1,37.7,41.0,52.7,55.7,53.1,50.2,59.5,64.2,80.0,95.8,107.6,134.9,143.5,174.3,171.6,188.0,246.3,261.9,304.8,314.9,357.4,374.8,340.8,350.6,372.4,293.7,317.9,366.4,378.1,383.7,390.9
Romania,ROU,142.5,148.9,170.0,180.3,200.3,217.6,221.9,236.0,265.2,244.4,278.6,310.0,332.6,365.8,387.1,365.7,328.0,325.1,291.3,278.7,295.1,314.3,346.6,324.4,335.8,351.0,285.3,243.8,230.3,226.9,244.8,263.4,272.8,240.9,199.4,202.7,233.2,226.5,217.7,226.3,221.9,214.1,218.5,209.3,188.4,176.4,185.3,187.2,177.0,181.5,184.5,193.3,204.2,204.6,215.6,206.3,221.8,224.7,231.9,242.6,237.0
Russian Federation,RUS,,,,,,,,,,,,,,,,,,,,,4943.7,5006.3,5050.8,5000.7,5111.4,5042.3,4917.1,4698.9,3928.4,3486.0,3058.0,2624.0,2630.1,2489.8,2567.8,2540.0,2627.7,2543.5,2652.6,2620.7,2645.9,2777.8,2785.9,2871.3,2784.8,2879.3,3094.0,3184.1,3218.2,3364.9,3276.7,3327.9,3334.1,3360.0,3424.9,3303.7,3523.3,3613.5,3652.5,3630.9,3639.8
Saudi Arabia,SAU,389.6,392.9,396.3,398.6,403.1,434.7,441.3,470.3,500.6,525.6,407.8,471.5,543.9,588.6,708.2,592.3,708.5,783.9,870.3,969.1,993.2,1000.8,1063.1,1093.1,1068.6,1136.2,1190.5,1155.4,1166.4,1403.3,1354.3,1400.5,1427.9,1509.1,1565.5,1626.9,1746.0,1809.6,1909.5,2055.9,2203.3,2322.0,2378.5,2604.1,2826.6,3169.5,3295.6,3466.8,3468.3,3788.6,3964.2,4099.7,4052.0,3870.6,3634.8,3437.3,3600.3,3807.2,3853.6,3912.7,3861.8
Singapore,SGP,76.5,87.4,104.4,128.9,127.1,138.0,120.7,150.3,142.6,140.1,137.4,162.4,163.6,169.8,181.1,179.4,206.3,201.7,213.4,224.8,230.0,265.4,280.2,322.3,367.0,444.3,451.8,463.7,504.5,578.4,605.8,612.1,648.5,661.4,655.6,696.0,748.6,714.6,663.4,741.1,783.3,837.3,920.2,973.3,1048.0,1223.3,1282.8,1277.0,1258.9,1283.9,1363.2,1416.8,1473.1,1508.6,1477.1,1349.6,1338.5,1319.5,1416.2,1483.6,1482.7
Slovakia,SVK,44.9,49.4,54.9,60.7,65.2,78.6,86.9,94.6,106.3,108.6,119.6,125.7,132.0,136.7,139.1,129.1,127.8,118.5,116.1,124.0,123.2,120.2,117.4,115.0,115.2,100.4,84.8,73.4,58.2,64.1,68.1,67.0,71.3,69.9,64.0,60.6,70.4,80.3,75.1,75.2,77.9,76.8,80.7,84.0,76.7,79.6,78.7,72.2,72.7,67.8,73.9,77.8,86.2,87.4,82.7,82.7,87.2,87.8,86.5,77.6,82.1
Slovenia,SVN,,,,,,,,,,,,,,,,,,,,,,,,,,35.7,34.8,33.6,40.1,43.2,47.6,56.1,55.7,51.9,52.3,49.9,51.8,50.3,51.1,52.3,53.5,55.3,54.7,63.2,53.9,54.2,54.0,52.6,49.8,49.2,48.6,51.7,53.1,54.9,52.6,43.6,46.9,49.3,45.7,47.7,50.4
South Africa,ZAF,117.7,127.9,138.5,150.1,165.3,179.1,195.4,212.0,234.2,228.4,243.5,245.7,243.8,256.0,242.4,248.5,270.3,274.6,278.0,301.8,295.5,285.4,302.6,332.2,344.9,348.8,352.1,362.1,376.2,392.4,417.6,428.0,436.6,443.5,449.5,455.5,466.6,478.3,495.3,512.6,516.8,527.3,538.8,510.1,502.0,527.9,534.6,544.5,555.3,548.9,599.8,577.1,579.1,569.1,564.5,474.3,498.1,496.0,501.6,461.9,474.6
South Korea,KOR,24.9,37.4,64.7,95.4,129.8,162.1,183.1,190.5,235.1,243.6,277.3,310.2,371.2,425.9,480.4,475.9,473.6,471.3,497.2,501.1,537.3,588.4,621.6,739.1,855.0,1040.6,1256.6,1523.8,1681.5,1847.5,2016.9,2153.0,2388.2,2012.1,2158.5,2209.0,2216.6,2266.7,2284.2,2265.9,2290.7,2299.5,2371.4,2270.4,2309.5,2360.7,2388.1,2465.7,2476.4,2473.1,2585.7,2811.3,2804.2,2799.5,2788.9,2630.2,2816.3,2856.0,2796.5,2901.8,2832.7
Spain,ESP,268.5,318.8,387.7,411.1,469.0,534.0,593.3,622.7,745.2,775.7,813.9,920.1,879.1,930.0,992.4,1042.8,1016.4,969.3,988.2,939.6,914.2,909.3,944.4,975.6,1024.1,983.3,1012.3,1116.8,1057.4,1110.9,1179.5,1205.8,1223.6,1317.2,1399.3,1415.6,1460.3,1488.1,1501.1,1506.8,1546.8,1531.5,1545.5,1473.7,1388.9,1355.2,1289.4,1185.8,1153.4,1158.6,1201.6,1233.1,1243.1,1262.1,1264.8,1015.8,1123.3,1246.7,1196.7,1261.2,1268.3
Sri Lanka,LKA,15.4,15.7,16.1,16.5,16.9,29.2,29.7,31.0,33.0,26.3,27.3,26.5,28.4,29.6,30.9,31.1,33.0,35.7,37.0,34.7,30.9,32.1,35.7,33.3,31.4,34.9,35.0,39.7,40.3,43.8,46.8,56.5,58.4,61.0,66.0,75.4,73.6,78.4,77.5,77.4,88.4,90.8,96.2,88.1,90.9,91.5,101.7,108.7,94.3,107.5,104.9,127.3,137.8,137.4,143.5,118.8,119.0,98.2,112.7,121.2,129.9
Sweden,SWE,374.0,421.6,421.2,473.1,507.9,551.1,520.9,532.9,548.2,488.4,491.5,540.4,525.8,642.8,688.5,608.7,551.8,515.6,452.3,433.3,463.3,498.0,436.1,409.6,393.9,334.0,326.8,329.1,335.1,373.4,367.6,391.3,373.7,379.2,364.3,339.8,356.3,377.8,380.4,378.3,367.7,368.5,358.8,349.0,316.5,334.3,309.8,302.3,296.1,290.1,273.9,286.2,286.6,267.5,281.1,241.3,268.6,244.1,244.1,262.3,264.6
Switzerland,CHE,164.2,174.7,188.0,207.6,226.4,253.7,269.5,275.6,297.3,265.1,256.0,265.3,267.5,277.6,266.4,265.9,247.5,234.4,256.4,247.9,253.4,276.5,261.2,261.8,252.3,270.2,274.9,278.2,261.6,269.9,250.5,258.9,273.3,276.7,268.9,260.3,278.3,264.2,257.0,261.7,263.1,261.6,251.1,259.2,252.5,257.8,239.1,242.9,247.2,224.7,226.6,213.8,219.5,211.0,216.3,178.6,179.9,185.2,188.3,187.4,187.6
Taiwan,TWN,43.9,51.8,61.4,72.9,87.3,104.7,145.2,156.2,199.9,179.7,208.8,268.4,298.3,348.8,352.1,364.3,323.8,367.6,373.3,357.7,358.6,398.8,420.8,486.1,539.7,561.3,581.4,604.4,644.9,688.8,747.9,748.1,768.1,793.6,849.2,869.2,919.0,923.3,967.7,990.5,1000.6,1008.8,1058.2,990.1,975.5,1016.0,947.0,932.3,964.7,994.6,1019.9,1021.1,1012.5,1008.9,951.5,909.4,961.1,883.2,834.8,835.2,857.1
Thailand,THA,47.6,56.0,62.0,81.1,88.0,102.8,114.4,142.7,151.4,153.7,167.9,176.0,198.0,216.9,222.2,230.4,219.4,201.6,224.4,236.0,225.2,232.9,253.3,288.2,341.8,404.7,430.8,477.9,552.5,618.5,708.7,789.0,797.7,729.4,768.5,753.3,753.3,816.5,897.4,987.2,995.8,996.0,992.8,945.5,985.0,1022.1,1062.1,1093.0,1152.4,1169.0,1170.9,1197.1,1242.9,1277.2,1274.2,1139.1,1131.1,1192.6,1181.7,1225.9,1227.2
Total Africa,T-AFR,572.0,618.7,619.5,653.3,671.2,732.0,795.7,858.1,927.8,963.6,1012.2,1100.4,1176.1,1242.9,1309.3,1386.0,1508.3,1582.9,1648.8,1670.2,1719.5,1686.8,1788.0,1857.4,1928.7,1976.3,1982.9,2008.5,2033.8,2107.2,2180.3,2220.2,2296.6,2350.8,2436.0,2446.9,2500.3,2556.2,2622.9,2742.3,2879.4,2868.1,2992.2,3136.1,3265.2,3416.9,3462.2,3708.4,3896.5,3986.9,4107.0,4108.7,4163.8,4179.7,4240.6,3842.7,4168.2,4412.7,4422.4,4500.9,4673.6
Total Asia Pacific,T-AP,3297.8,3858.2,4407.8,4989.0,5931.2,6961.3,7630.0,8354.1,9430.5,9290.2,9489.0,10123.4,10570.7,11123.5,11265.0,10527.8,10266.3,10089.9,10323.7,10375.7,10484.9,10836.5,11374.8,12255.7,13032.3,13747.7,14363.6,15305.0,16071.1,16974.8,18094.6,18989.2,20032.8,19665.7,20508.5,21212.9,21443.9,22009.9,22945.4,24305.1,24635.1,25209.6,26012.1,25863.4,26189.5,28025.1,28773.0,29896.6,30438.7,30927.4,32333.4,33510.8,34738.0,35732.1,36140.6,34155.2,35312.7,36412.3,38495.9,39055.7,39721.3
Total CIS,T-CIS,3314.0,3548.8,3866.1,4107.3,4376.2,4826.4,5126.5,5547.1,5981.4,6587.9,6911.8,7055.1,7375.7,7822.3,7967.9,8338.2,8442.1,8388.4,8273.5,8259.5,6588.1,6676.7,6697.8,6644.0,6720.8,6765.6,6527.8,6076.7,4999.8,4352.0,3857.5,3371.1,3361.9,3197.1,3224.8,3224.6,3263.4,3189.1,3361.8,3331.6,3347.0,3523.6,3544.2,3614.6,3491.1,3578.2,3895.1,4059.0,4076.4,4239.9,4111.3,4184.0,4200.6,4294.5,4371.9,4183.8,4492.5,4601.5,4669.2,4679.4,4738.7
Total Central America,T-CAM,66.5,68.5,71.2,73.2,76.3,79.2,82.2,86.8,95.9,101.1,113.3,118.2,126.7,128.6,129.6,121.0,117.1,116.7,115.5,117.5,120.4,120.4,129.3,125.8,131.7,135.7,147.7,167.2,179.5,196.9,218.2,212.4,231.1,264.5,261.9,266.5,284.8,286.9,299.2,307.9,306.2,325.1,339.0,347.6,345.8,352.2,360.8,371.9,378.5,391.5,423.5,440.9,453.3,448.5,488.8,383.6,441.6,467.9,497.3,521.9,536.2
Total EU,T-EU,6333.1,6992.9,7606.0,8387.3,9452.7,10565.1,11151.1,11940.8,12901.0,12142.2,11901.2,12792.1,12643.8,13449.5,13842.5,13002.7,12176.3,11487.1,11208.3,10988.1,11444.1,11831.0,11888.0,11926.2,11950.5,12033.0,12180.5,12237.5,12135.1,12249.1,12502.4,12751.6,12865.4,13154.7,13041.7,12907.1,13122.9,13100.4,13158.0,13211.6,13230.4,13257.8,12975.6,12812.2,12062.5,12038.3,11643.2,11144.6,10954.7,10848.6,10988.4,11117.4,11495.9,11405.8,11411.5,9935.6,10485.2,10809.8,10541.7,10707.8,10653.8
Total Eastern Africa,T-EAFR,113.9,119.5,127.9,131.6,145.3,151.6,161.2,164.9,176.0,178.2,172.7,171.0,173.5,172.7,174.5,183.0,180.9,175.2,174.8,168.5,177.8,181.6,189.5,207.9,211.1,218.1,211.7,210.1,215.9,229.3,233.8,238.5,249.9,248.5,264.6,261.3,287.1,282.9,289.0,304.4,326.1,351.5,365.7,375.0,399.6,411.4,430.6,469.5,498.2,520.4,562.4,581.3,620.0,655.2,686.0,620.1,669.7,694.2,679.0,655.0,696.3
Total Europe,T-EUR,8219.1,9037.6,9825.8,10775.7,12031.0,13323.1,13999.9,14952.0,16075.8,15133.9,14654.3,15608.6,15548.2,16523.8,16910.3,15768.6,14771.7,14111.7,13850.7,13914.7,15593.8,16098.6,16214.1,16290.2,16247.7,16386.0,16376.9,15975.3,15706.5,15719.5,16025.2,16197.3,16349.6,16586.0,16353.7,16189.1,16444.6,16461.8,16559.9,16679.7,16784.6,16835.2,16538.7,16299.8,15477.4,15388.7,14904.0,14382.3,14235.2,14077.7,14360.9,14599.8,15105.6,14986.7,14964.8,13053.4,13733.2,14183.5,14037.4,14260.2,14258.8
Total Middle Africa,T-MAFR,40.1,40.7,41.5,42.6,44.0,44.6,51.7,54.3,56.5,57.9,56.6,57.8,62.4,73.8,74.2,72.6,77.2,72.5,92.4,83.5,93.9,90.2,92.3,94.3,97.8,93.8,90.5,83.8,87.0,86.7,86.2,84.6,88.0,83.0,87.9,93.8,100.9,102.0,111.6,120.3,114.9,138.0,158.6,177.4,197.6,210.7,223.7,255.9,289.2,309.3,302.2,293.3,283.3,289.8,305.5,253.3,286.5,309.2,314.7,326.1,321.0
Total Middle East,T-ME,834.9,855.5,893.3,917.4,956.4,1029.0,1102.7,1172.2,1276.1,1359.7,1308.7,1485.6,1690.1,1781.2,2015.1,1919.5,2099.2,2293.7,2575.4,2810.4,2968.8,2977.6,3129.9,3240.4,3346.2,3446.6,3551.9,3782.4,4059.4,4464.3,4449.8,4545.1,4801.9,4793.2,4786.5,5036.3,5290.5,5436.4,5627.5,5984.2,6379.4,6678.1,6771.9,7253.7,7410.9,7930.7,8284.9,8581.9,8837.8,9040.4,9021.2,9268.0,9382.2,9350.1,9162.4,8375.6,8847.1,9321.4,9556.4,9669.1,9723.6
Total Non-OECD,T-NOECD,7631.6,8218.9,8774.3,9394.1,10104.8,11091.1,11970.3,12974.8,14223.4,15166.5,15759.1,16657.3,17720.5,18925.1,19712.2,19944.8,20223.2,20442.9,20667.4,20981.5,21040.5,21587.4,22278.4,22829.0,23455.3,24065.9,23997.6,23877.4,23521.6,23860.6,24452.8,24720.8,26150.4,26285.9,26886.4,27995.3,28944.6,29632.2,30731.9,32893.2,33807.6,35144.6,36478.2,37458.5,38330.3,40971.8,42564.5,44184.9,45507.7,46720.3,47936.0,49202.0,50574.8,51536.1,52018.1,48668.6,51147.3,53277.3,55914.5,56691.0,57852.9
Total North America,T-NAM,12936.4,13584.9,14163.2,15101.2,15927.0,16609.5,17191.9,18479.2,19626.7,19069.4,18787.2,20029.3,21047.3,21640.5,21460.2,20071.0,19129.0,18282.1,18107.6,18685.3,18782.3,19430.5,19924.6,20624.7,20839.8,20416.4,20129.0,20502.3,20715.0,21348.8,21350.4,22010.6,22410.0,22830.3,23478.4,23663.8,23645.4,23745.7,24061.8,24895.5,24872.2,24686.6,24760.3,23342.1,22391.3,22803.2,22497.6,22086.9,22468.3,22503.4,22955.4,23050.2,23211.9,23774.2,23631.3,20900.1,22679.6,22984.5,23134.5,23305.1,23586.1
Total OECD,T-OECD,23245.4,25088.3,26859.7,29127.9,31855.6,34598.2,36204.4,38898.9,41852.2,40113.0,39268.8,41732.8,42817.5,44479.5,44632.7,41489.7,39383.4,37619.5,37309.9,37914.1,38253.8,39430.8,40253.4,41561.5,42158.4,42168.6,42479.9,43473.5,43827.0,45101.5,45678.9,46887.3,47653.0,47835.8,48648.6,48677.6,48641.5,48738.0,49278.5,50095.8,50282.4,50027.9,49764.1,47828.6,45639.4,46142.3,45461.1,44972.2,45036.6,44710.1,45435.7,45884.2,46524.4,46878.5,46561.8,41085.0,43891.0,44808.5,44702.4,45027.8,45185.8
Total S. & Cent. America,T-SCA,1702.8,1803.5,1858.2,1978.1,2067.3,2208.1,2327.9,2510.8,2757.2,2874.9,2864.7,2987.7,3129.7,3270.5,3417.2,3423.5,3389.9,3313.5,3197.7,3179.9,3156.9,3311.5,3402.6,3478.0,3498.2,3495.8,3545.4,3700.7,3763.2,3995.4,4173.9,4274.8,4550.5,4698.6,4747.3,4899.2,4997.9,4971.2,4831.0,5050.7,5192.2,5371.2,5622.8,5777.3,5744.2,5971.3,6208.8,6442.0,6591.5,6654.8,6482.6,6364.8,6297.1,6097.2,6068.3,5242.9,5804.9,6169.8,6301.2,6248.5,6336.6
Total Western Africa,T-WAFR,84.6,87.3,89.5,92.8,100.9,106.5,129.3,136.9,153.5,161.1,177.3,196.9,222.1,238.6,255.8,272.3,304.9,323.2,302.2,274.4,288.6,266.5,285.5,295.8,305.1,297.7,318.0,345.9,343.9,345.3,349.8,367.6,368.4,373.7,393.9,393.1,413.0,436.5,421.2,437.8,471.4,458.0,459.4,493.0,505.0,550.3,606.4,672.2,729.3,737.6,766.8,781.0,820.7,874.6,916.8,916.6,991.1,1030.7,1007.0,1037.8,1113.4
Total World,WLD,30877.0,33307.2,35634.0,38522.0,41960.4,45689.3,48174.6,51873.6,56075.7,55279.5,55027.9,58390.0,60538.0,63404.7,64344.9,61434.5,59606.6,58062.3,57977.3,58895.7,59294.3,61018.2,62531.8,64390.5,65613.7,66234.4,66477.5,67350.9,67348.6,68962.1,70131.7,71608.2,73803.4,74121.7,75535.0,76672.9,77586.0,78370.3,80010.4,82989.0,84089.9,85172.5,86242.3,85287.1,83969.7,87114.0,88025.6,89157.2,90544.3,91430.4,93371.7,95086.2,97099.2,98414.6,98579.8,89753.6,95038.3,98085.8,100617.0,101718.9,103038.7
Trinidad & Tobago,TTO,35.2,35.4,37.0,37.6,39.5,40.5,41.9,67.3,68.3,67.4,52.2,58.3,57.2,52.2,40.5,32.4,32.3,35.6,31.5,27.5,29.0,31.0,21.5,19.8,17.7,25.4,24.1,33.2,29.1,22.6,25.7,29.3,18.5,21.0,35.2,30.0,30.9,33.0,33.2,35.4,39.4,40.8,42.1,44.6,43.4,44.4,43.4,39.7,42.6,40.4,43.9,45.0,40.3,34.4,35.4,30.3,29.6,31.7,32.5,33.2,33.7
Turkiye,TUR,69.4,82.8,97.0,116.6,129.4,136.2,160.4,181.1,222.6,216.2,240.5,270.4,308.4,339.4,302.6,306.4,303.6,324.5,343.0,340.4,358.9,391.4,443.5,475.4,447.4,474.8,463.8,488.7,561.9,539.1,605.3,630.6,626.6,628.7,627.7,664.1,615.4,654.3,642.7,660.1,656.4,679.2,693.7,681.7,705.7,679.6,653.7,684.5,733.5,754.7,883.8,940.3,1014.2,1018.4,1025.3,970.2,1033.3,1071.6,1143.0,1170.3,1215.6
Turkmenistan,TKM,,,,,,,,,,,,,,,,,,,,,95.6,69.6,69.6,69.5,69.7,102.7,80.7,94.3,56.6,57.9,52.6,61.3,62.7,77.8,82.7,87.2,87.3,98.8,110.8,117.3,114.9,110.9,116.7,119.5,111.0,124.1,130.5,134.6,141.9,147.8,143.5,134.1,141.5,135.6,142.0,134.9,134.8,138.9,140.8,144.5,151.2
US,USA,11512.4,12084.4,12560.3,13392.9,14136.8,14697.2,15212.5,16367.0,17307.7,16652.7,16322.0,17461.1,18431.4,18846.6,18512.5,17055.9,16057.7,15295.7,15231.1,15725.6,15726.4,16280.6,16665.1,17283.3,17325.2,16939.7,16657.3,16968.8,17161.7,17634.1,17634.4,18244.4,18538.4,18826.6,19425.2,19593.5,19534.5,19625.0,19848.3,20498.3,20531.5,20312.8,20208.1,18848.3,18030.5,18321.8,17992.6,17581.0,17992.0,18111.1,18499.2,18592.7,18845.2,19416.6,19423.6,17183.3,18784.7,18862.2,19013.8,19150.4,19403.8
USSR,SUN,3314.0,3548.8,3866.1,4107.3,4376.2,4826.4,5126.5,5547.1,5981.4,6587.9,6911.8,7055.1,7375.7,7822.3,7967.9,8338.2,8442.1,8388.4,8273.5,8259.5,,,,,,,,,,,,,,,,,,,,,,,,,,,,,,,,,,,,,,,,,
Ukraine,UKR,,,,,,,,,,,,,,,,,,,,,1271.6,1277.7,1330.2,1219.8,1170.7,1305.1,1246.1,799.9,572.6,503.6,530.8,324.8,380.2,347.7,264.7,249.2,278.2,284.6,296.0,296.0,304.9,312.1,324.5,310.4,301.9,292.7,290.8,286.6,274.0,243.5,214.7,225.1,224.6,228.6,237.4,255.3,279.5,259.7,281.4,286.4,284.8
United Arab Emirates,ARE,1.5,1.6,1.8,2.0,2.2,2.5,3.0,3.9,6.1,8.4,13.5,19.5,28.3,31.3,42.5,99.1,108.6,120.3,121.3,137.6,169.1,203.9,224.0,267.8,282.2,297.1,361.9,363.2,378.2,395.2,395.8,381.1,388.1,386.9,378.8,375.6,375.7,407.1,447.9,479.3,496.0,533.3,570.5,597.3,598.6,654.1,723.0,765.7,847.0,881.2,912.5,994.6,984.2,984.1,962.5,877.3,920.1,1002.6,1066.1,1092.6,1093.5
United Kingdom,GBR,1466.1,1573.6,1696.3,1794.2,1930.2,2030.7,2036.8,2155.2,2228.1,2069.3,1815.1,1806.0,1829.2,1903.2,1921.8,1649.1,1538.9,1560.2,1516.8,1824.8,1616.0,1641.0,1604.9,1699.7,1738.6,1750.7,1751.0,1771.1,1788.6,1782.6,1765.8,1805.7,1763.0,1745.7,1732.8,1707.6,1705.4,1699.6,1715.0,1751.0,1807.0,1785.2,1729.9,1690.2,1611.9,1587.4,1542.6,1509.6,1504.5,1499.1,1533.2,1568.2,1589.9,1564.1,1514.3,1200.0,1214.8,1291.1,1311.7,1338.3,1339.8
Uzbekistan,UZB,,,,,,,,,,,,,,,,,,,,,206.6,211.1,214.8,222.3,225.9,222.8,211.5,175.1,153.5,138.8,129.8,126.2,136.4,137.1,135.0,129.8,127.4,122.9,142.5,122.4,101.1,101.9,93.0,90.7,91.5,86.9,80.9,81.8,94.1,93.4,99.3,109.9,110.5,114.5,119.7,123.1,121.3,136.9,145.8,146.8,146.2
Venezuela,VEN,183.9,181.5,185.7,201.4,200.4,209.9,212.3,230.8,257.3,259.4,275.9,280.3,314.8,330.9,354.4,423.4,448.3,444.5,435.2,408.4,418.1,435.2,418.9,433.4,422.6,427.9,412.7,488.1,450.2,498.6,484.0,403.3,432.1,407.2,451.9,494.4,554.8,586.7,492.3,526.7,580.6,625.1,653.6,717.1,750.6,755.8,786.0,851.8,869.0,809.2,711.3,621.7,543.0,435.0,413.3,226.4,247.8,292.9,349.6,311.2,313.8
Vietnam,VNM,31.3,68.5,100.3,102.1,123.7,128.3,108.5,111.7,109.9,67.5,64.6,16.8,16.3,19.7,22.9,40.1,34.9,35.5,40.5,39.4,41.7,45.1,52.5,55.0,51.3,60.4,58.8,64.1,81.3,90.5,100.1,115.5,132.2,145.1,160.3,173.5,188.9,208.4,223.2,285.2,264.7,260.6,290.4,304.8,313.1,355.0,356.2,348.0,356.8,377.6,403.8,451.6,475.0,533.1,541.4,498.2,441.6,571.2,623.6,671.5,699.5
