series,period,kbd
U.S. Imports,1910,2
U.S. Imports,1911,5
U.S. Imports,1912,20
U.S. Imports,1913,49
U.S. Imports,1914,46
U.S. Imports,1915,50
U.S. Imports,1920,290
U.S. Imports,1921,343
U.S. Imports,1922,349
U.S. Imports,1923,225
U.S. Imports,1924,213
U.S. Imports,1925,169
U.S. Imports,1926,165
U.S. Imports,1927,160
U.S. Imports,1928,218
U.S. Imports,1929,216
U.S. Imports,1930,170
U.S. Imports,1931,129
U.S. Imports,1932,122
U.S. Imports,1933,87
U.S. Imports,1934,97
U.S. Imports,1935,88
U.S. Imports,1936,88
U.S. Imports,1937,75
U.S. Imports,1938,72
U.S. Imports,1939,91
U.S. Imports,1940,117
U.S. Imports,1941,139
U.S. Imports,1942,34
U.S. Imports,1943,38
U.S. Imports,1944,122
U.S. Imports,1945,204
U.S. Imports,1946,236
U.S. Imports,1947,267
U.S. Imports,1948,353
U.S. Imports,1949,421
U.S. Imports,1950,487
U.S. Imports,1951,491
U.S. Imports,1952,573
U.S. Imports,1953,648
U.S. Imports,1954,656
U.S. Imports,1955,782
U.S. Imports,1956,934
U.S. Imports,1957,1023
U.S. Imports,1958,953
U.S. Imports,1959,965
U.S. Imports,1960,1015
U.S. Imports,1961,1045
U.S. Imports,1962,1126
U.S. Imports,1963,1131
U.S. Imports,1964,1198
U.S. Imports,1965,1238
U.S. Imports,1966,1225
U.S. Imports,1967,1128
U.S. Imports,1968,1291
U.S. Imports,1969,1409
U.S. Imports,1970,1324
U.S. Imports,1971,1681
U.S. Imports,1972,2216
U.S. Imports,1973,3244
Persian Gulf Countries,1973,802
OPEC Countries,1973,2095
Algeria,1973,120
Iran,1973,216
Iraq,1973,4
Kuwait,1973,42
Libya,1973,133
Nigeria,1973,448
Saudi Arabia,1973,462
Venezuela,1973,344
Angola,1973,49
Australia,1973,0
Bahama Islands,1973,0
Bahrain,1973,0
Brazil,1973,0
Canada,1973,1001
China,1973,0
Colombia,1973,2
Ecuador,1973,0
Indonesia,1973,200
Italy,1973,0
Malaysia,1973,1
Mexico,1973,1
Netherlands,1973,0
Netherlands Antilles,1973,0
Norway,1973,0
Puerto Rico,1973,0
Qatar,1973,7
Russia,1973,0
Trinidad and Tobago,1973,60
United Arab Emirates,1973,71
United Kingdom,1973,0
Virgin Islands,1973,0
U.S. Imports,1974,3477
Persian Gulf Countries,1974,992
OPEC Countries,1974,2540
Algeria,1974,180
Iran,1974,463
Iraq,1974,0
Kuwait,1974,5
Libya,1974,4
Nigeria,1974,697
Saudi Arabia,1974,438
Venezuela,1974,319
Angola,1974,48
Australia,1974,0
Bahama Islands,1974,0
Bahrain,1974,0
Brazil,1974,0
Canada,1974,791
China,1974,0
Colombia,1974,0
Ecuador,1974,0
Indonesia,1974,284
Italy,1974,0
Malaysia,1974,1
Mexico,1974,2
Netherlands,1974,0
Netherlands Antilles,1974,0
Norway,1974,1
Puerto Rico,1974,0
Qatar,1974,17
Russia,1974,0
Trinidad and Tobago,1974,63
United Arab Emirates,1974,69
United Kingdom,1974,0
Virgin Islands,1974,0
U.S. Imports,1975,4105
Persian Gulf Countries,1975,1121
OPEC Countries,1975,3211
Algeria,1975,264
Iran,1975,278
Iraq,1975,2
Kuwait,1975,4
Libya,1975,223
Nigeria,1975,746
Saudi Arabia,1975,701
Venezuela,1975,395
Angola,1975,71
Australia,1975,0
Bahama Islands,1975,0
Bahrain,1975,0
Brazil,1975,0
Canada,1975,600
China,1975,0
Colombia,1975,0
Ecuador,1975,0
Indonesia,1975,379
Italy,1975,0
Malaysia,1975,5
Mexico,1975,70
Netherlands,1975,4
Netherlands Antilles,1975,0
Norway,1975,12
Puerto Rico,1975,0
Qatar,1975,18
Russia,1975,0
Trinidad and Tobago,1975,115
United Arab Emirates,1975,117
United Kingdom,1975,0
Virgin Islands,1975,0
U.S. Imports,1976,5287
Persian Gulf Countries,1976,1825
OPEC Countries,1976,4545
Algeria,1976,408
Iran,1976,298
Iraq,1976,26
Kuwait,1976,1
Libya,1976,444
Nigeria,1976,1014
Saudi Arabia,1976,1222
Venezuela,1976,241
Angola,1976,7
Australia,1976,0
Bahama Islands,1976,0
Bahrain,1976,0
Brazil,1976,0
Canada,1976,371
China,1976,0
Colombia,1976,6
Ecuador,1976,0
Indonesia,1976,537
Italy,1976,0
Malaysia,1976,16
Mexico,1976,87
Netherlands,1976,0
Netherlands Antilles,1976,0
Norway,1976,35
Puerto Rico,1976,0
Qatar,1976,24
Russia,1976,2
Trinidad and Tobago,1976,104
United Arab Emirates,1976,254
United Kingdom,1976,13
Virgin Islands,1976,0
U.S. Imports,1977,6615
Persian Gulf Countries,1977,2418
OPEC Countries,1977,5643
Algeria,1977,544
Iran,1977,530
Iraq,1977,74
Kuwait,1977,42
Libya,1977,704
Nigeria,1977,1130
Saudi Arabia,1977,1373
Venezuela,1977,250
Angola,1977,17
Australia,1977,0
Bahama Islands,1977,0
Bahrain,1977,0
Brazil,1977,0
Canada,1977,279
China,1977,0
Colombia,1977,0
Ecuador,1977,0
Indonesia,1977,507
Italy,1977,0
Malaysia,1977,55
Mexico,1977,177
Netherlands,1977,4
Netherlands Antilles,1977,0
Norway,1977,48
Puerto Rico,1977,0
Qatar,1977,67
Russia,1977,2
Trinidad and Tobago,1977,134
United Arab Emirates,1977,333
United Kingdom,1977,97
Virgin Islands,1977,0
U.S. Imports,1978,6356
Persian Gulf Countries,1978,2212
OPEC Countries,1978,5184
Algeria,1978,634
Iran,1978,554
Iraq,1978,62
Kuwait,1978,5
Libya,1978,638
Nigeria,1978,910
Saudi Arabia,1978,1142
Venezuela,1978,181
Angola,1978,6
Australia,1978,0
Bahama Islands,1978,0
Bahrain,1978,0
Brazil,1978,0
Canada,1978,248
China,1978,0
Colombia,1978,0
Ecuador,1978,0
Indonesia,1978,533
Italy,1978,0
Malaysia,1978,37
Mexico,1978,316
Netherlands,1978,2
Netherlands Antilles,1978,0
Norway,1978,104
Puerto Rico,1978,0
Qatar,1978,64
Russia,1978,1
Trinidad and Tobago,1978,142
United Arab Emirates,1978,385
United Kingdom,1978,169
Virgin Islands,1978,0
U.S. Imports,1979,6519
Persian Gulf Countries,1979,2049
OPEC Countries,1979,5112
Algeria,1979,608
Iran,1979,297
Iraq,1979,88
Kuwait,1979,5
Libya,1979,642
Nigeria,1979,1069
Saudi Arabia,1979,1347
Venezuela,1979,293
Angola,1979,39
Australia,1979,0
Bahama Islands,1979,0
Bahrain,1979,0
Brazil,1979,0
Canada,1979,271
China,1979,13
Colombia,1979,0
Ecuador,1979,0
Indonesia,1979,380
Italy,1979,0
Malaysia,1979,52
Mexico,1979,437
Netherlands,1979,7
Netherlands Antilles,1979,0
Norway,1979,75
Puerto Rico,1979,0
Qatar,1979,31
Russia,1979,0
Trinidad and Tobago,1979,123
United Arab Emirates,1979,281
United Kingdom,1979,197
Virgin Islands,1979,0
U.S. Imports,1980,5263
Persian Gulf Countries,1980,1508
OPEC Countries,1980,3864
Algeria,1980,456
Iran,1980,8
Iraq,1980,28
Kuwait,1980,27
Libya,1980,548
Nigeria,1980,841
Saudi Arabia,1980,1250
Venezuela,1980,156
Angola,1980,37
Australia,1980,0
Bahama Islands,1980,0
Bahrain,1980,0
Brazil,1980,1
Canada,1980,199
China,1980,0
Colombia,1980,0
Ecuador,1980,0
Indonesia,1980,314
Italy,1980,0
Malaysia,1980,61
Mexico,1980,507
Netherlands,1980,0
Netherlands Antilles,1980,0
Norway,1980,144
Puerto Rico,1980,0
Qatar,1980,22
Russia,1980,0
Trinidad and Tobago,1980,115
United Arab Emirates,1980,172
United Kingdom,1980,173
Virgin Islands,1980,0
U.S. Imports,1981,4396
Persian Gulf Countries,1981,1196
OPEC Countries,1981,2922
Algeria,1981,261
Iran,1981,0
Iraq,1981,0
Kuwait,1981,0
Libya,1981,317
Nigeria,1981,611
Saudi Arabia,1981,1112
Venezuela,1981,147
Angola,1981,45
Australia,1981,0
Bahama Islands,1981,0
Bahrain,1981,0
Brazil,1981,14
Canada,1981,164
China,1981,0
Colombia,1981,0
Ecuador,1981,0
Indonesia,1981,318
Italy,1981,0
Malaysia,1981,33
Mexico,1981,469
Netherlands,1981,0
Netherlands Antilles,1981,0
Norway,1981,114
Puerto Rico,1981,0
Qatar,1981,7
Russia,1981,0
Trinidad and Tobago,1981,102
United Arab Emirates,1981,77
United Kingdom,1981,369
Virgin Islands,1981,0
U.S. Imports,1982,3488
Persian Gulf Countries,1982,659
OPEC Countries,1982,1734
Algeria,1982,90
Iran,1982,35
Iraq,1982,3
Kuwait,1982,2
Libya,1982,23
Nigeria,1982,510
Saudi Arabia,1982,530
Venezuela,1982,155
Angola,1982,42
Australia,1982,0
Bahama Islands,1982,0
Bahrain,1982,0
Brazil,1982,19
Canada,1982,214
China,1982,8
Colombia,1982,0
Ecuador,1982,0
Indonesia,1982,226
Italy,1982,0
Malaysia,1982,18
Mexico,1982,645
Netherlands,1982,0
Netherlands Antilles,1982,0
Norway,1982,102
Puerto Rico,1982,0
Qatar,1982,7
Russia,1982,0
Trinidad and Tobago,1982,92
United Arab Emirates,1982,81
United Kingdom,1982,441
Virgin Islands,1982,0
U.S. Imports,1983,3329
Persian Gulf Countries,1983,405
OPEC Countries,1983,1477
Algeria,1983,176
Iran,1983,48
Iraq,1983,10
Kuwait,1983,7
Libya,1983,0
Nigeria,1983,301
Saudi Arabia,1983,321
Venezuela,1983,164
Angola,1983,71
Australia,1983,0
Bahama Islands,1983,0
Bahrain,1983,0
Brazil,1983,2
Canada,1983,274
China,1983,6
Colombia,1983,0
Ecuador,1983,0
Indonesia,1983,315
Italy,1983,0
Malaysia,1983,3
Mexico,1983,766
Netherlands,1983,3
Netherlands Antilles,1983,0
Norway,1983,65
Puerto Rico,1983,0
Qatar,1983,0
Russia,1983,0
Trinidad and Tobago,1983,83
United Arab Emirates,1983,18
United Kingdom,1983,365
Virgin Islands,1983,0
U.S. Imports,1984,3426
Persian Gulf Countries,1984,450
OPEC Countries,1984,1512
Algeria,1984,194
Iran,1984,10
Iraq,1984,12
Kuwait,1984,24
Libya,1984,0
Nigeria,1984,207
Saudi Arabia,1984,309
Venezuela,1984,253
Angola,1984,85
Australia,1984,25
Bahama Islands,1984,0
Bahrain,1984,0
Brazil,1984,0
Canada,1984,341
China,1984,15
Colombia,1984,0
Ecuador,1984,0
Indonesia,1984,304
Italy,1984,0
Malaysia,1984,0
Mexico,1984,659
Netherlands,1984,3
Netherlands Antilles,1984,0
Norway,1984,112
Puerto Rico,1984,0
Qatar,1984,4
Russia,1984,0
Trinidad and Tobago,1984,87
United Arab Emirates,1984,90
United Kingdom,1984,378
Virgin Islands,1984,0
U.S. Imports,1985,3201
Persian Gulf Countries,1985,244
OPEC Countries,1985,1312
Algeria,1985,84
Iran,1985,27
Iraq,1985,46
Kuwait,1985,4
Libya,1985,0
Nigeria,1985,280
Saudi Arabia,1985,132
Venezuela,1985,306
Angola,1985,104
Australia,1985,21
Bahama Islands,1985,0
Bahrain,1985,0
Brazil,1985,0
Canada,1985,468
China,1985,36
Colombia,1985,0
Ecuador,1985,0
Indonesia,1985,292
Italy,1985,0
Malaysia,1985,1
Mexico,1985,715
Netherlands,1985,0
Netherlands Antilles,1985,0
Norway,1985,31
Puerto Rico,1985,0
Qatar,1985,0
Russia,1985,0
Trinidad and Tobago,1985,98
United Arab Emirates,1985,35
United Kingdom,1985,278
Virgin Islands,1985,0
U.S. Imports,1986,4178
Persian Gulf Countries,1986,796
OPEC Countries,1986,2113
Algeria,1986,78
Iran,1986,19
Iraq,1986,81
Kuwait,1986,28
Libya,1986,0
Nigeria,1986,437
Saudi Arabia,1986,618
Venezuela,1986,416
Angola,1986,102
Australia,1986,30
Bahama Islands,1986,0
Bahrain,1986,0
Brazil,1986,0
Canada,1986,570
China,1986,68
Colombia,1986,57
Ecuador,1986,0
Indonesia,1986,297
Italy,1986,0
Malaysia,1986,11
Mexico,1986,621
Netherlands,1986,0
Netherlands Antilles,1986,0
Norway,1986,53
Puerto Rico,1986,0
Qatar,1986,12
Russia,1986,0
Trinidad and Tobago,1986,93
United Arab Emirates,1986,38
United Kingdom,1986,317
Virgin Islands,1986,0
U.S. Imports,1987,4674
Persian Gulf Countries,1987,949
OPEC Countries,1987,2400
Algeria,1987,115
Iran,1987,98
Iraq,1987,82
Kuwait,1987,70
Libya,1987,0
Nigeria,1987,529
Saudi Arabia,1987,642
Venezuela,1987,488
Angola,1987,180
Australia,1987,49
Bahama Islands,1987,0
Bahrain,1987,0
Brazil,1987,0
Canada,1987,608
China,1987,63
Colombia,1987,115
Ecuador,1987,0
Indonesia,1987,262
Italy,1987,1
Malaysia,1987,12
Mexico,1987,602
Netherlands,1987,0
Netherlands Antilles,1987,0
Norway,1987,70
Puerto Rico,1987,0
Qatar,1987,0
Russia,1987,0
Trinidad and Tobago,1987,75
United Arab Emirates,1987,56
United Kingdom,1987,304
Virgin Islands,1987,0
U.S. Imports,1988,5107
Persian Gulf Countries,1988,1357
OPEC Countries,1988,2696
Algeria,1988,58
Iran,1988,0
Iraq,1988,343
Kuwait,1988,80
Libya,1988,0
Nigeria,1988,607
Saudi Arabia,1988,911
Venezuela,1988,439
Angola,1988,203
Australia,1988,59
Bahama Islands,1988,0
Bahrain,1988,0
Brazil,1988,0
Canada,1988,681
China,1988,82
Colombia,1988,106
Ecuador,1988,0
Indonesia,1988,186
Italy,1988,5
Malaysia,1988,19
Mexico,1988,674
Netherlands,1988,0
Netherlands Antilles,1988,0
Norway,1988,62
Puerto Rico,1988,0
Qatar,1988,0
Russia,1988,0
Trinidad and Tobago,1988,71
United Arab Emirates,1988,23
United Kingdom,1988,254
Virgin Islands,1988,0
U.S. Imports,1989,5843
Persian Gulf Countries,1989,1734
OPEC Countries,1989,3376
Algeria,1989,60
Iran,1989,0
Iraq,1989,441
Kuwait,1989,155
Libya,1989,0
Nigeria,1989,800
Saudi Arabia,1989,1116
Venezuela,1989,495
Angola,1989,279
Australia,1989,31
Bahama Islands,1989,0
Bahrain,1989,0
Brazil,1989,0
Canada,1989,630
China,1989,76
Colombia,1989,136
Ecuador,1989,0
Indonesia,1989,158
Italy,1989,3
Malaysia,1989,39
Mexico,1989,716
Netherlands,1989,0
Netherlands Antilles,1989,0
Norway,1989,127
Puerto Rico,1989,0
Qatar,1989,2
Russia,1989,0
Trinidad and Tobago,1989,73
United Arab Emirates,1989,21
United Kingdom,1989,160
Virgin Islands,1989,0
U.S. Imports,1990,5894
Persian Gulf Countries,1990,1801
OPEC Countries,1990,3514
Algeria,1990,63
Iran,1990,0
Iraq,1990,514
Kuwait,1990,79
Libya,1990,0
Nigeria,1990,784
Saudi Arabia,1990,1195
Venezuela,1990,666
Angola,1990,236
Australia,1990,47
Bahama Islands,1990,0
Bahrain,1990,0
Brazil,1990,0
Canada,1990,643
China,1990,77
Colombia,1990,140
Ecuador,1990,0
Indonesia,1990,98
Italy,1990,2
Malaysia,1990,40
Mexico,1990,689
Netherlands,1990,0
Netherlands Antilles,1990,0
Norway,1990,96
Puerto Rico,1990,0
Qatar,1990,4
Russia,1990,1
Trinidad and Tobago,1990,76
United Arab Emirates,1990,9
United Kingdom,1990,155
Virgin Islands,1990,0
U.S. Imports,1991,5782
Persian Gulf Countries,1991,1743
OPEC Countries,1991,3377
Algeria,1991,44
Iran,1991,32
Iraq,1991,0
Kuwait,1991,6
Libya,1991,0
Nigeria,1991,683
Saudi Arabia,1991,1703
Venezuela,1991,668
Angola,1991,254
Australia,1991,21
Bahama Islands,1991,0
Bahrain,1991,0
Brazil,1991,0
Canada,1991,743
China,1991,87
Colombia,1991,123
Ecuador,1991,0
Indonesia,1991,102
Italy,1991,3
Malaysia,1991,24
Mexico,1991,759
Netherlands,1991,0
Netherlands Antilles,1991,0
Norway,1991,74
Puerto Rico,1991,0
Qatar,1991,0
Russia,1991,1
Trinidad and Tobago,1991,72
United Arab Emirates,1991,2
United Kingdom,1991,106
Virgin Islands,1991,0
U.S. Imports,1992,6083
Persian Gulf Countries,1992,1636
OPEC Countries,1992,3406
Algeria,1992,24
Iran,1992,0
Iraq,1992,0
Kuwait,1992,39
Libya,1992,0
Nigeria,1992,665
Saudi Arabia,1992,1597
Venezuela,1992,826
Angola,1992,336
Australia,1992,17
Bahama Islands,1992,0
Bahrain,1992,0
Brazil,1992,0
Canada,1992,797
China,1992,84
Colombia,1992,102
Ecuador,1992,0
Indonesia,1992,70
Italy,1992,0
Malaysia,1992,10
Mexico,1992,787
Netherlands,1992,0
Netherlands Antilles,1992,0
Norway,1992,119
Puerto Rico,1992,0
Qatar,1992,0
Russia,1992,5
Trinidad and Tobago,1992,70
United Arab Emirates,1992,0
United Kingdom,1992,200
Virgin Islands,1992,0
U.S. Imports,1993,6787
Persian Gulf Countries,1993,1637
OPEC Countries,1993,3687
Algeria,1993,24
Congo (Brazzaville),1993,53
Gabon,1993,151
Iran,1993,0
Iraq,1993,0
Kuwait,1993,344
Libya,1993,0
Nigeria,1993,722
Saudi Arabia,1993,1282
Venezuela,1993,1010
Non-OPEC Countries,1993,3100
Angola,1993,336
Argentina,1993,12
Australia,1993,18
Bahama Islands,1993,0
Bahrain,1993,0
Brazil,1993,0
Cameroon,1993,7
Canada,1993,900
China,1993,50
Colombia,1993,141
Congo (Kinshasa),1993,19
Ecuador,1993,78
Egypt,1993,68
Indonesia,1993,65
Italy,1993,0
Malaysia,1993,10
Mexico,1993,863
Netherlands,1993,0
Netherlands Antilles,1993,0
Norway,1993,137
Puerto Rico,1993,0
Qatar,1993,0
Russia,1993,36
Singapore,1993,1
Syria,1993,17
Thailand,1993,6
Trinidad and Tobago,1993,55
United Arab Emirates,1993,12
United Kingdom,1993,312
Virgin Islands,1993,0
Yemen,1993,6
U.S. Imports,1994,7063
Persian Gulf Countries,1994,1615
OPEC Countries,1994,3580
Algeria,1994,21
Congo (Brazzaville),1994,28
Gabon,1994,194
Iran,1994,0
Iraq,1994,0
Kuwait,1994,307
Libya,1994,0
Nigeria,1994,624
Saudi Arabia,1994,1297
Venezuela,1994,1034
Non-OPEC Countries,1994,3483
Angola,1994,322
Argentina,1994,36
Australia,1994,16
Bahama Islands,1994,0
Bahrain,1994,0
Brazil,1994,1
Cameroon,1994,4
Canada,1994,983
China,1994,64
Colombia,1994,146
Congo (Kinshasa),1994,14
Ecuador,1994,91
Egypt,1994,48
Indonesia,1994,92
Italy,1994,0
Malaysia,1994,6
Mexico,1994,939
Netherlands,1994,0
Netherlands Antilles,1994,0
Norway,1994,190
Puerto Rico,1994,0
Qatar,1994,0
Russia,1994,27
Syria,1994,3
Thailand,1994,9
Trinidad and Tobago,1994,62
United Arab Emirates,1994,11
United Kingdom,1994,396
Virgin Islands,1994,0
Yemen,1994,23
U.S. Imports,1995,7230
Persian Gulf Countries,1995,1479
OPEC Countries,1995,3570
Algeria,1995,27
Congo (Brazzaville),1995,20
Gabon,1995,229
Iran,1995,0
Iraq,1995,0
Kuwait,1995,213
Libya,1995,0
Nigeria,1995,621
Saudi Arabia,1995,1260
Venezuela,1995,1151
Non-OPEC Countries,1995,3660
Angola,1995,360
Argentina,1995,44
Australia,1995,16
Bahama Islands,1995,0
Bahrain,1995,0
Benin,1995,1
Bolivia,1995,1
Brazil,1995,0
Cameroon,1995,2
Canada,1995,1040
Chile,1995,5
China,1995,53
Colombia,1995,207
Congo (Kinshasa),1995,14
Ecuador,1995,96
Egypt,1995,32
Guatemala,1995,8
Indonesia,1995,64
Italy,1995,0
Malaysia,1995,6
Mexico,1995,1027
Netherlands,1995,0
Netherlands Antilles,1995,0
Norway,1995,258
Oman,1995,20
Papua New Guinea,1995,5
Peru,1995,21
Puerto Rico,1995,0
Qatar,1995,0
Russia,1995,14
Singapore,1995,1
Spain,1995,1
Thailand,1995,1
Trinidad and Tobago,1995,62
United Arab Emirates,1995,5
United Kingdom,1995,341
Vietnam,1995,1
Virgin Islands,1995,0
Yemen,1995,4
U.S. Imports,1996,7508
Persian Gulf Countries,1996,1488
OPEC Countries,1996,3438
Algeria,1996,8
Congo (Brazzaville),1996,33
Equatorial Guinea,1996,5
Gabon,1996,184
Iran,1996,0
Iraq,1996,1
Kuwait,1996,235
Libya,1996,0
Nigeria,1996,595
Saudi Arabia,1996,1248
Venezuela,1996,1303
Non-OPEC Countries,1996,4070
Angola,1996,344
Argentina,1996,45
Australia,1996,25
Bahama Islands,1996,0
Bahrain,1996,0
Benin,1996,2
Bolivia,1996,2
Brazil,1996,0
Cameroon,1996,2
Canada,1996,1075
Chile,1996,23
China,1996,57
Colombia,1996,226
Congo (Kinshasa),1996,15
Ecuador,1996,96
Egypt,1996,38
Guatemala,1996,12
Indonesia,1996,44
Italy,1996,0
Kyrgyzstan,1996,2
Malaysia,1996,6
Mexico,1996,1207
Netherlands,1996,0
Netherlands Antilles,1996,0
Norway,1996,293
Oman,1996,35
Papua New Guinea,1996,9
Peru,1996,28
Puerto Rico,1996,0
Qatar,1996,0
Russia,1996,18
Spain,1996,1
Thailand,1996,2
Trinidad and Tobago,1996,58
United Arab Emirates,1996,3
United Kingdom,1996,216
Vietnam,1996,14
Virgin Islands,1996,0
Yemen,1996,0
U.S. Imports,1997,8225
Persian Gulf Countries,1997,1635
OPEC Countries,1997,3775
Algeria,1997,6
Congo (Brazzaville),1997,47
Equatorial Guinea,1997,5
Gabon,1997,230
Iran,1997,0
Iraq,1997,89
Kuwait,1997,253
Libya,1997,0
Nigeria,1997,689
Saudi Arabia,1997,1293
Venezuela,1997,1394
Non-OPEC Countries,1997,4450
Angola,1997,425
Argentina,1997,69
Australia,1997,31
Bahama Islands,1997,0
Bahrain,1997,0
Benin,1997,1
Bolivia,1997,1
Brazil,1997,0
Cameroon,1997,0
Canada,1997,1198
Chile,1997,9
China,1997,48
Colombia,1997,270
Congo (Kinshasa),1997,21
Denmark,1997,1
Ecuador,1997,114
Egypt,1997,36
Guatemala,1997,17
Guinea,1997,1
Indonesia,1997,51
Italy,1997,0
Malaysia,1997,8
Mexico,1997,1360
Netherlands,1997,0
Netherlands Antilles,1997,0
Norway,1997,288
Oman,1997,4
Papua New Guinea,1997,4
Peru,1997,31
Puerto Rico,1997,0
Qatar,1997,0
Russia,1997,3
Thailand,1997,0
Trinidad and Tobago,1997,56
United Arab Emirates,1997,0
United Kingdom,1997,169
Vietnam,1997,4
Virgin Islands,1997,0
Yemen,1997,0
U.S. Imports,1998,8706
Persian Gulf Countries,1998,2044
OPEC Countries,1998,4169
Algeria,1998,10
Congo (Brazzaville),1998,53
Equatorial Guinea,1998,2
Gabon,1998,207
Iran,1998,0
Iraq,1998,336
Kuwait,1998,300
Libya,1998,0
Nigeria,1998,689
Saudi Arabia,1998,1404
Venezuela,1998,1377
Non-OPEC Countries,1998,4537
Angola,1998,465
Argentina,1998,80
Australia,1998,31
Azerbaijan,1998,1
Bahama Islands,1998,0
Bahrain,1998,0
Benin,1998,0
Bolivia,1998,3
Brunei,1998,23
Cameroon,1998,1
Canada,1998,1266
Chile,1998,0
China,1998,42
Colombia,1998,349
Congo (Kinshasa),1998,17
Ecuador,1998,98
Egypt,1998,11
Guatemala,1998,23
Guinea,1998,6
Indonesia,1998,50
Malaysia,1998,26
Mexico,1998,1321
New Zealand,1998,1
Norway,1998,221
Oman,1998,0
Papua New Guinea,1998,1
Peru,1998,41
Qatar,1998,1
Russia,1998,9
Singapore,1998,0
Thailand,1998,0
Trinidad and Tobago,1998,53
United Arab Emirates,1998,3
United Kingdom,1998,161
Vietnam,1998,19
Yemen,1998,4
U.S. Imports,1999,8731
Persian Gulf Countries,1999,2360
OPEC Countries,1999,4228
Algeria,1999,25
Congo (Brazzaville),1999,46
Equatorial Guinea,1999,1
Gabon,1999,168
Iran,1999,0
Iraq,1999,725
Kuwait,1999,246
Libya,1999,0
Nigeria,1999,623
Saudi Arabia,1999,1387
Venezuela,1999,1150
Non-OPEC Countries,1999,4502
Angola,1999,357
Argentina,1999,89
Australia,1999,31
Bahama Islands,1999,0
Bahrain,1999,0
Benin,1999,1
Bolivia,1999,5
Brunei,1999,46
Cameroon,1999,4
Canada,1999,1178
Chile,1999,4
China,1999,13
Colombia,1999,452
Congo (Kinshasa),1999,2
Ecuador,1999,114
Egypt,1999,22
Estonia,1999,3
Georgia,1999,3
Guatemala,1999,21
Guinea,1999,0
Indonesia,1999,70
Ivory Coast (Cote d'Ivore),1999,1
Malaysia,1999,21
Mexico,1999,1254
Norway,1999,263
Oman,1999,0
Papua New Guinea,1999,13
Peru,1999,25
Qatar,1999,1
Russia,1999,21
Syria,1999,2
Thailand,1999,1
Trinidad and Tobago,1999,40
United Arab Emirates,1999,0
United Kingdom,1999,284
Vietnam,1999,13
Virgin Islands,1999,1
Yemen,1999,1
U.S. Imports,2000,9071
Persian Gulf Countries,2000,2409
OPEC Countries,2000,4544
Algeria,2000,1
Congo (Brazzaville),2000,42
Equatorial Guinea,2000,6
Gabon,2000,143
Iran,2000,0
Iraq,2000,620
Kuwait,2000,263
Libya,2000,0
Nigeria,2000,875
Saudi Arabia,2000,1523
Venezuela,2000,1223
Non-OPEC Countries,2000,4526
Angola,2000,295
Argentina,2000,53
Australia,2000,49
Bahama Islands,2000,0
Bahrain,2000,0
Brazil,2000,5
Brunei,2000,21
Cameroon,2000,4
Canada,2000,1348
Chile,2000,1
China,2000,33
Colombia,2000,318
Congo (Kinshasa),2000,8
Denmark,2000,7
Ecuador,2000,125
Egypt,2000,4
Guatemala,2000,18
Guinea,2000,0
Indonesia,2000,36
Ivory Coast (Cote d'Ivore),2000,1
Malaysia,2000,29
Mexico,2000,1313
Netherlands,2000,1
Norway,2000,302
Oman,2000,2
Papua New Guinea,2000,2
Peru,2000,4
Qatar,2000,0
Russia,2000,7
Sweden,2000,1
Syria,2000,0
Thailand,2000,3
Trinidad and Tobago,2000,56
United Arab Emirates,2000,3
United Kingdom,2000,291
Vietnam,2000,9
Yemen,2000,27
U.S. Imports,2001,9328
Persian Gulf Countries,2001,2664
OPEC Countries,2001,4848
Algeria,2001,11
Congo (Brazzaville),2001,40
Equatorial Guinea,2001,15
Gabon,2001,140
Iran,2001,0
Iraq,2001,795
Kuwait,2001,237
Libya,2001,0
Nigeria,2001,842
Saudi Arabia,2001,1611
Venezuela,2001,1291
Non-OPEC Countries,2001,4480
Angola,2001,321
Argentina,2001,58
Australia,2001,34
Bahama Islands,2001,0
Bahrain,2001,0
Brazil,2001,13
Brunei,2001,22
Cameroon,2001,3
Canada,2001,1356
Chile,2001,1
China,2001,13
Colombia,2001,260
Congo (Kinshasa),2001,1
Ecuador,2001,113
Guatemala,2001,18
Guinea,2001,0
Indonesia,2001,40
Ivory Coast (Cote d'Ivore),2001,4
Malaysia,2001,15
Mexico,2001,1394
Norway,2001,281
Oman,2001,20
Papua New Guinea,2001,2
Peru,2001,7
Qatar,2001,0
Russia,2001,0
Syria,2001,0
Thailand,2001,5
Trinidad and Tobago,2001,51
United Arab Emirates,2001,21
United Kingdom,2001,244
Vietnam,2001,26
Yemen,2001,24
U.S. Imports,2002,9140
Persian Gulf Countries,2002,2213
OPEC Countries,2002,4083
Algeria,2002,30
Congo (Brazzaville),2002,23
Equatorial Guinea,2002,39
Gabon,2002,143
Iraq,2002,459
Kuwait,2002,216
Nigeria,2002,589
Saudi Arabia,2002,1519
Venezuela,2002,1201
Non-OPEC Countries,2002,5058
Angola,2002,321
Argentina,2002,70
Australia,2002,51
Azerbaijan,2002,0
Brazil,2002,58
Brunei,2002,10
Cameroon,2002,12
Canada,2002,1445
China,2002,20
Colombia,2002,235
Congo (Kinshasa),2002,3
Denmark,2002,3
Ecuador,2002,100
Guatemala,2002,23
Guinea,2002,1
Indonesia,2002,50
Ivory Coast (Cote d'Ivore),2002,4
Malaysia,2002,9
Mexico,2002,1500
Norway,2002,348
Oman,2002,17
Papua New Guinea,2002,4
Peru,2002,10
Qatar,2002,9
Russia,2002,85
Syria,2002,2
Thailand,2002,2
Trinidad and Tobago,2002,68
United Arab Emirates,2002,10
United Kingdom,2002,405
Vietnam,2002,20
Yemen,2002,27
U.S. Imports,2003,9665
Persian Gulf Countries,2003,2425
OPEC Countries,2003,4578
Algeria,2003,112
Congo (Brazzaville),2003,27
Equatorial Guinea,2003,59
Gabon,2003,131
Iraq,2003,481
Kuwait,2003,208
Nigeria,2003,832
Saudi Arabia,2003,1726
Venezuela,2003,1183
Non-OPEC Countries,2003,5087
Angola,2003,363
Argentina,2003,54
Australia,2003,27
Brazil,2003,50
Brunei,2003,28
Cameroon,2003,12
Canada,2003,1549
Chad,2003,3
China,2003,13
Colombia,2003,166
Congo (Kinshasa),2003,2
Denmark,2003,10
Ecuador,2003,139
Guatemala,2003,22
Guinea,2003,1
Indonesia,2003,26
Ivory Coast (Cote d'Ivore),2003,4
Malaysia,2003,21
Mexico,2003,1569
Norway,2003,181
Oman,2003,35
Papua New Guinea,2003,2
Peru,2003,8
Qatar,2003,0
Russia,2003,151
Syria,2003,5
Thailand,2003,2
Trinidad and Tobago,2003,67
United Arab Emirates,2003,10
United Kingdom,2003,359
Vietnam,2003,25
Yemen,2003,5
U.S. Imports,2004,10088
Persian Gulf Countries,2004,2400
OPEC Countries,2004,5042
Algeria,2004,215
Congo (Brazzaville),2004,8
Equatorial Guinea,2004,66
Gabon,2004,142
Iraq,2004,655
Kuwait,2004,241
Libya,2004,18
Nigeria,2004,1078
Saudi Arabia,2004,1495
Venezuela,2004,1297
Non-OPEC Countries,2004,5046
Angola,2004,306
Argentina,2004,59
Australia,2004,21
Bolivia,2004,1
Brazil,2004,51
Brunei,2004,15
Cameroon,2004,18
Canada,2004,1616
Chad,2004,57
China,2004,14
Colombia,2004,142
Congo (Kinshasa),2004,14
Denmark,2004,2
Ecuador,2004,232
Germany,2004,0
Guatemala,2004,18
Indonesia,2004,34
Ivory Coast (Cote d'Ivore),2004,5
Kazakhstan,2004,9
Malaysia,2004,18
Mexico,2004,1598
Netherlands,2004,0
Netherlands Antilles,2004,0
Norway,2004,143
Oman,2004,10
Peru,2004,1
Qatar,2004,4
Russia,2004,158
Syria,2004,1
Thailand,2004,1
Trinidad and Tobago,2004,49
United Arab Emirates,2004,5
United Kingdom,2004,238
Vietnam,2004,25
Yemen,2004,4
U.S. Imports,2005,10126
Persian Gulf Countries,2005,2207
OPEC Countries,2005,4816
Algeria,2005,228
Congo (Brazzaville),2005,25
Equatorial Guinea,2005,68
Gabon,2005,127
Iraq,2005,527
Kuwait,2005,227
Libya,2005,44
Nigeria,2005,1077
Saudi Arabia,2005,1445
Venezuela,2005,1241
Non-OPEC Countries,2005,5310
Angola,2005,456
Argentina,2005,56
Australia,2005,10
Bolivia,2005,1
Brazil,2005,94
Brunei,2005,14
Cameroon,2005,3
Canada,2005,1633
Chad,2005,74
China,2005,24
Colombia,2005,156
Congo (Kinshasa),2005,2
Ecuador,2005,276
Egypt,2005,4
Guatemala,2005,11
Indonesia,2005,19
Ivory Coast (Cote d'Ivore),2005,20
Kazakhstan,2005,12
Malaysia,2005,10
Mexico,2005,1556
Norway,2005,119
Oman,2005,22
Peru,2005,4
Russia,2005,199
Singapore,2005,1
Thailand,2005,2
Trinidad and Tobago,2005,64
United Arab Emirates,2005,9
United Kingdom,2005,224
Vietnam,2005,31
Yemen,2005,12
U.S. Imports,2006,10118
Persian Gulf Countries,2006,2160
OPEC Countries,2006,4783
Algeria,2006,362
Congo (Brazzaville),2006,27
Equatorial Guinea,2006,57
Gabon,2006,60
Iraq,2006,553
Kuwait,2006,179
Libya,2006,66
Nigeria,2006,1037
Saudi Arabia,2006,1423
Venezuela,2006,1142
Non-OPEC Countries,2006,5335
Angola,2006,513
Argentina,2006,29
Australia,2006,5
Azerbaijan,2006,27
Belarus,2006,2
Belize,2006,1
Bolivia,2006,2
Brazil,2006,133
Brunei,2006,17
Cameroon,2006,2
Canada,2006,1802
Chad,2006,95
China,2006,19
Colombia,2006,141
Ecuador,2006,272
Egypt,2006,0
Guatemala,2006,15
Indonesia,2006,16
Ivory Coast (Cote d'Ivore),2006,4
Kazakhstan,2006,4
Malaysia,2006,7
Mauritania,2006,3
Mexico,2006,1577
Norway,2006,98
Oman,2006,35
Peru,2006,4
Qatar,2006,1
Russia,2006,108
Singapore,2006,1
South Africa,2006,3
Syria,2006,5
Thailand,2006,7
Trinidad and Tobago,2006,67
Tunisia,2006,1
United Arab Emirates,2006,5
United Kingdom,2006,130
Vietnam,2006,42
Yemen,2006,20
U.S. Imports,2007,10031
Persian Gulf Countries,2007,2115
OPEC Countries,2007,5388
Algeria,2007,443
Congo (Brazzaville),2007,63
Equatorial Guinea,2007,55
Gabon,2007,63
Iraq,2007,484
Kuwait,2007,175
Libya,2007,84
Nigeria,2007,1084
Saudi Arabia,2007,1447
Venezuela,2007,1148
Non-OPEC Countries,2007,4643
Angola,2007,498
Argentina,2007,33
Australia,2007,2
Azerbaijan,2007,57
Belize,2007,1
Bolivia,2007,3
Brazil,2007,165
Brunei,2007,11
Cameroon,2007,26
Canada,2007,1888
Chad,2007,77
China,2007,6
Colombia,2007,137
Congo (Kinshasa),2007,1
Ecuador,2007,198
Egypt,2007,1
Guatemala,2007,11
Indonesia,2007,15
Ivory Coast (Cote d'Ivore),2007,0
Kazakhstan,2007,9
Malaysia,2007,1
Mauritania,2007,3
Mexico,2007,1409
Norway,2007,56
Oman,2007,32
Peru,2007,5
Russia,2007,112
South Africa,2007,7
Syria,2007,2
Thailand,2007,14
Trinidad and Tobago,2007,48
Tunisia,2007,6
United Arab Emirates,2007,9
United Kingdom,2007,101
Vietnam,2007,31
Yemen,2007,13
U.S. Imports,2008,9783
Persian Gulf Countries,2008,2340
OPEC Countries,2008,5415
Algeria,2008,312
Congo (Brazzaville),2008,67
Equatorial Guinea,2008,74
Gabon,2008,58
Iraq,2008,627
Kuwait,2008,206
Libya,2008,68
Nigeria,2008,922
Saudi Arabia,2008,1503
Venezuela,2008,1039
Non-OPEC Countries,2008,4369
Angola,2008,504
Argentina,2008,29
Australia,2008,33
Azerbaijan,2008,73
Belize,2008,3
Bolivia,2008,3
Brazil,2008,231
Brunei,2008,1
Cameroon,2008,10
Canada,2008,1956
Chad,2008,102
China,2008,11
Colombia,2008,178
Ecuador,2008,214
Egypt,2008,7
Guatemala,2008,15
Indonesia,2008,16
Ivory Coast (Cote d'Ivore),2008,2
Kazakhstan,2008,3
Malaysia,2008,2
Mauritania,2008,3
Mexico,2008,1187
New Zealand,2008,2
Norway,2008,30
Oman,2008,17
Peru,2008,10
Russia,2008,116
Thailand,2008,14
Trinidad and Tobago,2008,23
Tunisia,2008,2
United Arab Emirates,2008,4
United Kingdom,2008,78
Vietnam,2008,29
U.S. Imports,2009,9013
Persian Gulf Countries,2009,1656
OPEC Countries,2009,4355
Algeria,2009,281
Congo (Brazzaville),2009,64
Equatorial Guinea,2009,89
Gabon,2009,63
Iraq,2009,449
Kuwait,2009,180
Libya,2009,61
Nigeria,2009,776
Saudi Arabia,2009,980
Venezuela,2009,951
Non-OPEC Countries,2009,4658
Angola,2009,448
Argentina,2009,53
Australia,2009,11
Azerbaijan,2009,75
Belize,2009,2
Bolivia,2009,8
Brazil,2009,295
Cameroon,2009,38
Canada,2009,1943
Chad,2009,65
China,2009,8
Colombia,2009,251
Congo (Kinshasa),2009,9
Ecuador,2009,181
Egypt,2009,9
Guatemala,2009,12
Indonesia,2009,15
Ivory Coast (Cote d'Ivore),2009,3
Kazakhstan,2009,17
Malaysia,2009,7
Mauritania,2009,3
Mexico,2009,1092
Norway,2009,58
Oman,2009,30
Peru,2009,16
Qatar,2009,8
Russia,2009,230
South Africa,2009,1
Syria,2009,1
Thailand,2009,20
Trinidad and Tobago,2009,40
United Arab Emirates,2009,39
United Kingdom,2009,103
Vietnam,2009,27
U.S. Imports,2010,9213
Persian Gulf Countries,2010,1694
OPEC Countries,2010,4553
Algeria,2010,328
Congo (Brazzaville),2010,70
Equatorial Guinea,2010,50
Gabon,2010,47
Iraq,2010,415
Kuwait,2010,195
Libya,2010,43
Nigeria,2010,983
Saudi Arabia,2010,1082
Venezuela,2010,912
Non-OPEC Countries,2010,4661
Angola,2010,383
Argentina,2010,29
Australia,2010,10
Azerbaijan,2010,55
Belize,2010,2
Bolivia,2010,7
Brazil,2010,255
Cameroon,2010,50
Canada,2010,1970
Chad,2010,18
China,2010,4
Colombia,2010,338
Congo (Kinshasa),2010,9
Ecuador,2010,210
Egypt,2010,7
Guatemala,2010,11
Indonesia,2010,33
Ivory Coast (Cote d'Ivore),2010,9
Kazakhstan,2010,18
Malaysia,2010,3
Mauritania,2010,2
Mexico,2010,1152
Norway,2010,25
Oman,2010,12
Peru,2010,14
Russia,2010,269
Thailand,2010,13
Trinidad and Tobago,2010,45
United Arab Emirates,2010,2
United Kingdom,2010,120
Vietnam,2010,12
U.S. Imports,2011,8935
Persian Gulf Countries,2011,1849
OPEC Countries,2011,4209
Algeria,2011,178
Congo (Brazzaville),2011,53
Equatorial Guinea,2011,19
Gabon,2011,34
Iraq,2011,459
Kuwait,2011,191
Libya,2011,9
Nigeria,2011,767
Saudi Arabia,2011,1186
Venezuela,2011,868
Non-OPEC Countries,2011,4727
Angola,2011,335
Argentina,2011,28
Australia,2011,9
Azerbaijan,2011,36
Belize,2011,3
Bolivia,2011,6
Brazil,2011,232
Cameroon,2011,36
Canada,2011,2225
Chad,2011,49
China,2011,2
Colombia,2011,397
Congo (Kinshasa),2011,11
Ecuador,2011,203
Egypt,2011,4
Ghana,2011,8
Guatemala,2011,9
Indonesia,2011,20
Ivory Coast (Cote d'Ivore),2011,4
Kazakhstan,2011,7
Mexico,2011,1102
Norway,2011,53
Oman,2011,41
Peru,2011,11
Qatar,2011,5
Russia,2011,223
Syria,2011,3
Thailand,2011,17
Trinidad and Tobago,2011,33
United Arab Emirates,2011,7
United Kingdom,2011,36
Vietnam,2011,10
Yemen,2011,6
U.S. Imports,2012,8527
Persian Gulf Countries,2012,2140
OPEC Countries,2012,4031
Algeria,2012,120
Congo (Brazzaville),2012,29
Equatorial Guinea,2012,41
Gabon,2012,42
Iraq,2012,476
Kuwait,2012,303
Libya,2012,56
Nigeria,2012,406
Saudi Arabia,2012,1361
Venezuela,2012,912
Non-OPEC Countries,2012,4495
Angola,2012,222
Argentina,2012,21
Australia,2012,6
Azerbaijan,2012,24
Belize,2012,3
Bolivia,2012,3
Brazil,2012,189
Brunei,2012,2
Cameroon,2012,31
Canada,2012,2425
Chad,2012,28
China,2012,1
Colombia,2012,403
Congo (Kinshasa),2012,0
Ecuador,2012,177
Egypt,2012,31
Guatemala,2012,11
Indonesia,2012,6
Italy,2012,1
Ivory Coast (Cote d'Ivore),2012,4
Mexico,2012,975
Norway,2012,26
Oman,2012,9
Peru,2012,8
Russia,2012,101
Thailand,2012,20
Trinidad and Tobago,2012,27
United Kingdom,2012,18
Vietnam,2012,10
U.S. Imports,2013,7730
Persian Gulf Countries,2013,1994
OPEC Countries,2013,3493
Algeria,2013,29
Congo (Brazzaville),2013,18
Equatorial Guinea,2013,17
Gabon,2013,24
Iraq,2013,341
Kuwait,2013,326
Libya,2013,43
Nigeria,2013,239
Saudi Arabia,2013,1325
Venezuela,2013,755
Non-OPEC Countries,2013,4237
Angola,2013,201
Argentina,2013,13
Australia,2013,1
Azerbaijan,2013,29
Belize,2013,2
Bolivia,2013,1
Brazil,2013,110
Cameroon,2013,0
Canada,2013,2579
Chad,2013,66
China,2013,1
Colombia,2013,367
Congo (Kinshasa),2013,0
Ecuador,2013,232
Egypt,2013,4
Ghana,2013,3
Guatemala,2013,7
Indonesia,2013,18
Mauritania,2013,3
Mexico,2013,850
Netherlands,2013,1
Norway,2013,17
Oman,2013,3
Peru,2013,11
Russia,2013,42
Thailand,2013,9
Trinidad and Tobago,2013,8
United Arab Emirates,2013,2
United Kingdom,2013,21
Vietnam,2013,13
U.S. Imports,2014,7344
Persian Gulf Countries,2014,1851
OPEC Countries,2014,3005
Algeria,2014,6
Congo (Brazzaville),2014,4
Equatorial Guinea,2014,4
Gabon,2014,16
Iraq,2014,369
Kuwait,2014,309
Libya,2014,5
Nigeria,2014,58
Saudi Arabia,2014,1159
Venezuela,2014,733
Non-OPEC Countries,2014,4339
Albania,2014,1
Angola,2014,139
Argentina,2014,29
Australia,2014,2
Azerbaijan,2014,23
Belize,2014,1
Brazil,2014,145
Canada,2014,2882
Chad,2014,61
Colombia,2014,294
Ecuador,2014,213
Guatemala,2014,7
Indonesia,2014,20
Mauritania,2014,2
Mexico,2014,781
Netherlands,2014,1
Norway,2014,9
Peru,2014,9
Russia,2014,18
Thailand,2014,6
Trinidad and Tobago,2014,5
United Arab Emirates,2014,13
United Kingdom,2014,10
Vietnam,2014,10
U.S. Imports,2015,7363
Persian Gulf Countries,2015,1487
OPEC Countries,2015,2673
Algeria,2015,3
Congo (Brazzaville),2015,9
Equatorial Guinea,2015,5
Gabon,2015,10
Iraq,2015,229
Kuwait,2015,204
Libya,2015,3
Nigeria,2015,54
Saudi Arabia,2015,1052
Venezuela,2015,776
Non-OPEC Countries,2015,4690
Albania,2015,5
Angola,2015,124
Argentina,2015,18
Australia,2015,10
Azerbaijan,2015,13
Belize,2015,1
Brazil,2015,190
Canada,2015,3169
Chad,2015,72
Colombia,2015,373
Ecuador,2015,225
Egypt,2015,1
Guatemala,2015,8
India,2015,2
Indonesia,2015,36
Italy,2015,1
Malaysia,2015,0
Mexico,2015,688
Norway,2015,9
Peru,2015,6
Russia,2015,38
Trinidad and Tobago,2015,7
United Arab Emirates,2015,2
United Kingdom,2015,11
Vietnam,2015,9
U.S. Imports,2016,7850
Persian Gulf Countries,2016,1738
OPEC Countries,2016,3180
Algeria,2016,51
Congo (Brazzaville),2016,3
Equatorial Guinea,2016,6
Gabon,2016,1
Iraq,2016,419
Kuwait,2016,209
Libya,2016,12
Nigeria,2016,207
Saudi Arabia,2016,1099
Venezuela,2016,741
Non-OPEC Countries,2016,4670
Albania,2016,7
Angola,2016,159
Argentina,2016,12
Australia,2016,4
Azerbaijan,2016,10
Bolivia,2016,1
Brazil,2016,145
Canada,2016,3227
Chad,2016,67
Colombia,2016,442
Denmark,2016,2
Ecuador,2016,237
Egypt,2016,10
Guatemala,2016,7
Indonesia,2016,34
Malaysia,2016,5
Mauritania,2016,1
Mexico,2016,582
Netherlands,2016,1
Norway,2016,35
Oman,2016,30
Peru,2016,3
Russia,2016,38
Trinidad and Tobago,2016,9
United Arab Emirates,2016,11
United Kingdom,2016,19
Vietnam,2016,4
U.S. Imports,2017,7969
Persian Gulf Countries,2017,1715
OPEC Countries,2017,3117
Algeria,2017,66
Congo (Brazzaville),2017,4
Equatorial Guinea,2017,12
Gabon,2017,4
Iraq,2017,601
Kuwait,2017,144
Libya,2017,57
Nigeria,2017,309
Saudi Arabia,2017,949
Venezuela,2017,618
Non-OPEC Countries,2017,4852
Angola,2017,129
Australia,2017,2
Azerbaijan,2017,7
Brazil,2017,198
Brunei,2017,1
Canada,2017,3446
Chad,2017,29
Colombia,2017,333
Denmark,2017,3
Ecuador,2017,207
Egypt,2017,8
Ghana,2017,16
Guatemala,2017,8
Indonesia,2017,38
Ivory Coast (Cote d'Ivore),2017,2
Malaysia,2017,1
Mauritania,2017,3
Mexico,2017,608
Norway,2017,37
Oman,2017,14
Papua New Guinea,2017,2
Peru,2017,2
Russia,2017,49
Thailand,2017,3
Trinidad and Tobago,2017,8
United Arab Emirates,2017,20
United Kingdom,2017,24
Vietnam,2017,6
Yemen,2017,2
U.S. Imports,2018,7768
Persian Gulf Countries,2018,1472
OPEC Countries,2018,2583
Algeria,2018,79
Equatorial Guinea,2018,19
Gabon,2018,5
Iraq,2018,518
Kuwait,2018,78
Libya,2018,55
Nigeria,2018,175
Saudi Arabia,2018,870
Venezuela,2018,506
Non-OPEC Countries,2018,5186
Angola,2018,90
Argentina,2018,23
Australia,2018,1
Azerbaijan,2018,13
Barbados,2018,0
Belize,2018,1
Bolivia,2018,1
Brazil,2018,126
Brunei,2018,15
Cameroon,2018,3
Canada,2018,3707
Chad,2018,20
Colombia,2018,295
Denmark,2018,7
Ecuador,2018,176
Egypt,2018,22
Ghana,2018,11
Guatemala,2018,7
Indonesia,2018,40
Italy,2018,1
Ivory Coast (Cote d'Ivore),2018,3
Kazakhstan,2018,22
Malaysia,2018,2
Mexico,2018,665
Norway,2018,53
Peru,2018,1
Russia,2018,73
South Sudan,2018,1
Thailand,2018,1
Trinidad and Tobago,2018,7
Tunisia,2018,2
United Arab Emirates,2018,5
United Kingdom,2018,57
Vietnam,2018,2
U.S. Imports,2019,6801
Persian Gulf Countries,2019,879
OPEC Countries,2019,1481
Algeria,2019,19
Congo (Brazzaville),2019,15
Equatorial Guinea,2019,9
Iraq,2019,331
Kuwait,2019,45
Libya,2019,60
Nigeria,2019,186
Saudi Arabia,2019,500
Venezuela,2019,81
Non-OPEC Countries,2019,5320
Angola,2019,33
Argentina,2019,30
Belize,2019,1
Brazil,2019,121
Brunei,2019,32
Cameroon,2019,9
Canada,2019,3814
Chad,2019,5
Colombia,2019,318
Denmark,2019,13
Ecuador,2019,199
Egypt,2019,13
Ghana,2019,24
Guatemala,2019,7
Kazakhstan,2019,33
Mexico,2019,599
Netherlands,2019,1
Norway,2019,47
Peru,2019,1
Russia,2019,134
South Sudan,2019,3
Spain,2019,1
Trinidad and Tobago,2019,46
United Arab Emirates,2019,3
United Kingdom,2019,64
U.S. Imports,2020,5875
Persian Gulf Countries,2020,700
OPEC Countries,2020,815
Algeria,2020,7
Congo (Brazzaville),2020,5
Iraq,2020,176
Kuwait,2020,21
Libya,2020,9
Nigeria,2020,67
Saudi Arabia,2020,498
Non-OPEC Countries,2020,5060
Angola,2020,28
Argentina,2020,34
Bahama Islands,2020,3
Brazil,2020,77
Brunei,2020,15
Cameroon,2020,19
Canada,2020,3596
Colombia,2020,248
Ecuador,2020,169
Egypt,2020,3
Ghana,2020,24
Guatemala,2020,4
Guyana,2020,27
Italy,2020,1
Kazakhstan,2020,17
Mexico,2020,656
Norway,2020,14
Panama,2020,2
Peru,2020,6
Russia,2020,76
South Sudan,2020,3
Trinidad and Tobago,2020,38
United Arab Emirates,2020,5
United Kingdom,2020,28
Vietnam,2020,2
U.S. Imports,2021,6114
Persian Gulf Countries,2021,551
OPEC Countries,2021,798
Algeria,2021,18
Iran,2021,6
Iraq,2021,152
Kuwait,2021,21
Libya,2021,90
Nigeria,2021,108
Saudi Arabia,2021,356
Non-OPEC Countries,2021,5315
Angola,2021,32
Argentina,2021,28
Brazil,2021,104
Brunei,2021,25
Cameroon,2021,4
Canada,2021,3760
Colombia,2021,180
Ecuador,2021,148
Ghana,2021,51
Guatemala,2021,3
Guyana,2021,76
Kazakhstan,2021,18
Mexico,2021,583
Norway,2021,48
Peru,2021,8
Russia,2021,199
Trinidad and Tobago,2021,39
United Arab Emirates,2021,17
United Kingdom,2021,41
U.S. Imports,2022,6281
Persian Gulf Countries,2022,740
OPEC Countries,2022,979
Algeria,2022,16
Congo (Brazzaville),2022,5
Gabon,2022,2
Iran,2022,1
Iraq,2022,244
Kuwait,2022,27
Libya,2022,79
Nigeria,2022,94
Saudi Arabia,2022,456
Non-OPEC Countries,2022,5302
Angola,2022,43
Argentina,2022,62
Australia,2022,2
Brazil,2022,145
Canada,2022,3798
Colombia,2022,223
Ecuador,2022,142
Ghana,2022,56
Guatemala,2022,2
Guyana,2022,77
Indonesia,2022,3
Kazakhstan,2022,23
Mexico,2022,637
Norway,2022,19
Peru,2022,7
Russia,2022,20
Trinidad and Tobago,2022,44
Tunisia,2022,2
United Arab Emirates,2022,12
United Kingdom,2022,39
U.S. Imports,2023,6489
Persian Gulf Countries,2023,609
OPEC Countries,2023,1032
Algeria,2023,19
Congo (Brazzaville),2023,8
Equatorial Guinea,2023,3
Iran,2023,5
Iraq,2023,213
Kuwait,2023,21
Libya,2023,80
Nigeria,2023,153
Saudi Arabia,2023,349
Venezuela,2023,132
Non-OPEC Countries,2023,5457
Angola,2023,32
Argentina,2023,54
Australia,2023,3
Bahama Islands,2023,0
Brazil,2023,186
Cameroon,2023,2
Canada,2023,3885
Chad,2023,3
Colombia,2023,202
Ecuador,2023,128
Egypt,2023,2
Ghana,2023,38
Guatemala,2023,2
Guyana,2023,98
Ivory Coast (Cote d'Ivore),2023,1
Kazakhstan,2023,32
Mexico,2023,733
Netherlands,2023,1
Norway,2023,6
Peru,2023,0
Qatar,2023,4
Russia,2023,0
Trinidad and Tobago,2023,37
Tunisia,2023,2
United Arab Emirates,2023,17
United Kingdom,2023,38
Vietnam,2023,1
U.S. Imports,2024,6588
Persian Gulf Countries,2024,533
OPEC Countries,2024,1015
Algeria,2024,18
Gabon,2024,4
Iraq,2024,198
Kuwait,2024,22
Libya,2024,78
Nigeria,2024,154
Saudi Arabia,2024,274
Venezuela,2024,228
Non-OPEC Countries,2024,5573
Angola,2024,51
Argentina,2024,68
Brazil,2024,221
Cameroon,2024,5
Canada,2024,4062
Chad,2024,3
Colombia,2024,214
Ecuador,2024,122
Ghana,2024,25
Guatemala,2024,2
Guyana,2024,176
Kazakhstan,2024,38
Mexico,2024,464
Norway,2024,12
Peru,2024,2
Senegal,2024,3
Trinidad and Tobago,2024,45
United Arab Emirates,2024,39
United Kingdom,2024,61
U.S. Imports,2025,6168
Persian Gulf Countries,2025,490
OPEC Countries,2025,832
Algeria,2025,9
Gabon,2025,18
Iraq,2025,179
Kuwait,2025,14
Libya,2025,67
Nigeria,2025,137
Saudi Arabia,2025,269
Venezuela,2025,140
Non-OPEC Countries,2025,5336
Angola,2025,29
Argentina,2025,130
Brazil,2025,198
Cameroon,2025,3
Canada,2025,3910
Colombia,2025,194
Congo (Kinshasa),2025,5
Ecuador,2025,98
Ghana,2025,10
Guatemala,2025,2
Guyana,2025,208
Ivory Coast (Cote d'Ivore),2025,2
Kazakhstan,2025,30
Mexico,2025,383
Norway,2025,11
Peru,2025,2
Senegal,2025,5
Trinidad and Tobago,2025,36
Tunisia,2025,2
United Arab Emirates,2025,28
United Kingdom,2025,49
