iso2,iso3,year,value
LU,LUX,2024,156079.3685607
SG,SGP,2024,153161.175431382
IE,IRL,2024,140779.203379453
MO,MAC,2024,127144.298137913
QA,QAT,2024,126712.582876079
BM,BMU,2024,118727.973294368
NO,NOR,2024,105657.0339185
CH,CHE,2024,97467.7447151829
KY,CYM,2024,92201.086358256
BN,BRN,2024,90009.8912498003
US,USA,2024,86169.6641581914
NL,NLD,2024,85218.3689343246
IS,ISL,2024,83561.4294628375
FO,FRO,2024,82089.2832575392
DK,DNK,2024,80937.8001363997
GY,GUY,2024,80271.4254322872
AE,ARE,2024,79343.7793099888
AT,AUT,2024,75774.4136543206
AD,AND,2024,75394.8581564469
HK,HKG,2024,75341.6985534061
BE,BEL,2024,74224.5510568017
DE,DEU,2024,73957.0012170966
AU,AUS,2024,72117.8826659555
SA,SAU,2024,71936.2510663399
SE,SWE,2024,71221.9379308266
MT,MLT,2024,70062.9017440762
BH,BHR,2024,67230.1000247874
CA,CAN,2024,65482.9454728344
FI,FIN,2024,65137.1816928289
CY,CYP,2024,63006.765625
GB,GBR,2024,62839.4679324927
FR,FRA,2024,62524.5434134804
IT,ITA,2024,62292.9012423008
KR,KOR,2024,61051.3492502498
ES,ESP,2024,58063.7350840487
CZ,CZE,2024,57625.0961715706
SI,SVN,2024,57570.5904042272
IL,ISR,2024,57277.8631217651
NZ,NZL,2024,55793.9990422226
LT,LTU,2024,55699.3734421294
JP,JPN,2024,54156.2687689605
SX,SXM,2024,53846.7442635227
KW,KWT,2024,53119.3783662664
PT,PRT,2024,52512.5651003677
AW,ABW,2024,51712.1531358934
PL,POL,2024,51262.5105756884
EE,EST,2024,50395.7686402966
PR,PRI,2024,50332.9848222477
HR,HRV,2024,49550.8073348367
RO,ROU,2024,49076.7137157187
HU,HUN,2024,48540.1614792293
SK,SVK,2024,47846.6169154961
RU,RUS,2024,47686.06640625
TR,TUR,2024,45122.9317187258
GR,GRC,2024,44170.9556658376
LV,LVA,2024,43873.3777849582
BG,BGR,2024,41969.595471884
OM,OMN,2024,41800.7841364086
PA,PAN,2024,41429.5092511481
BS,BHS,2024,41257.7650774105
KZ,KAZ,2024,40950.3167392792
MY,MYS,2024,38835.6013146653
TC,TCA,2024,38009.5079479808
UY,URY,2024,36596.7847357669
TT,TTO,2024,36381.2720794439
CL,CHL,2024,36070.892945837
KN,KNA,2024,34897.2104637487
ME,MNE,2024,34062.8241865953
AG,ATG,2024,33351.5904481886
SC,SYC,2024,33339.491987317
BY,BLR,2024,33166.3827902975
RS,SRB,2024,32832.274492238
CW,CUW,2024,32740.7736763943
MU,MUS,2024,31696.7381226145
CR,CRI,2024,31552.1489834288
AR,ARG,2024,30475.3876517556
LC,LCA,2024,28116.7677870924
DO,DOM,2024,27581.6606581871
GE,GEO,2024,27486.8762116648
CN,CHN,2024,27139.5181633767
MK,MKD,2024,26995.5213483235
AL,ALB,2024,26701.7649330157
MV,MDV,2024,26220.8078173473
MX,MEX,2024,25820.3527960242
BA,BIH,2024,25148.0128390147
AZ,AZE,2024,25146.3588844273
TH,THA,2024,24909.2266037939
,WLD,2024,24544.4750035019
BB,BRB,2024,24539.6254147583
AM,ARM,2024,22856.32510991
CO,COL,2024,22439.4001359818
BR,BRA,2024,22370.9182253225
SR,SUR,2024,21832.187015648
GA,GAB,2024,21541.4112646776
DM,DMA,2024,21331.6193698018
VC,VCT,2024,21302.9730252553
PW,PLW,2024,21059.1347141726
TM,TKM,2024,21025.8403822415
BW,BWA,2024,20612.4785435561
GD,GRD,2024,19903.184889337
IR,IRN,2024,19902.7484779621
MN,MNG,2024,19172.5295870282
EG,EGY,2024,19121.874936645
MD,MDA,2024,18661.6606470212
UA,UKR,2024,18636.13671875
PY,PRY,2024,18631.6436164051
XK,XKX,2024,17890.3600994298
PE,PER,2024,17881.8685833242
BT,BTN,2024,17762.4053956096
DZ,DZA,2024,17646.332598878
GQ,GNQ,2024,17072.4273818835
ID,IDN,2024,16472.4825935409
VN,VNM,2024,16387.9087954113
EC,ECU,2024,15848.3400023446
LK,LKA,2024,15701.0907191253
ZA,ZAF,2024,15478.6456794969
FJ,FJI,2024,15472.737444718
TN,TUN,2024,14542.0966234293
IQ,IRQ,2024,14485.3248937523
GT,GTM,2024,14393.0528302577
BZ,BLZ,2024,14367.3539278152
LY,LBY,2024,14324.5818697336
NR,NRU,2024,13612.0368416276
SV,SLV,2024,13258.1805042704
JM,JAM,2024,12908.9862451809
BO,BOL,2024,12896.3370149215
UZ,UZB,2024,12518.4323028403
LB,LBN,2024,11917.4502960889
JO,JOR,2024,11916.3623210714
SZ,SWZ,2024,11822.961305357
PH,PHL,2024,11813.805926453
NA,NAM,2024,11697.9201596588
CV,CPV,2024,11184.7207350908
IN,IND,2024,10718.5934040662
MA,MAR,2024,10430.2490234375
AO,AGO,2024,9963.59020874287
LA,LAO,2024,9790.02538664409
BD,BGD,2024,9660.77962818873
NG,NGA,2024,9099.86943863676
WS,WSM,2024,8750.62541028446
NI,NIC,2024,8720.86923379042
MH,MHL,2024,8237.95897993999
KG,KGZ,2024,8208.03081858011
TO,TON,2024,8174.34840883872
GH,GHA,2024,8051.19381149848
KH,KHM,2024,7981.50816402382
DJ,DJI,2024,7821.62138070711
CI,CIV,2024,7680.36980823038
HN,HND,2024,7502.56902428309
MR,MRT,2024,7379.45422386145
CG,COG,2024,7003.66225819816
KE,KEN,2024,6649.67919174449
TV,TUV,2024,6365.76616505123
ST,STP,2024,6274.34741942922
PK,PAK,2024,6263.186935403
MM,MMR,2024,6006.17514543646
ZW,ZWE,2024,5932.87021993648
NP,NPL,2024,5745.64525192255
CM,CMR,2024,5597.10321648993
TJ,TJK,2024,5413.83109811464
SN,SEN,2024,5097.24318834766
PG,PNG,2024,4886.53186994995
PS,PSE,2024,4770.6463157404
GN,GIN,2024,4571.93087130821
FM,FSM,2024,4452.31995062055
BJ,BEN,2024,4441.00443511982
TL,TLS,2024,4429.20182282365
VU,VUT,2024,4367.82503750089
TZ,TZA,2024,4226.92626953125
ZM,ZMB,2024,4221.01397093025
KM,COM,2024,4047.95264193561
TG,TGO,2024,3814.83532681353
RW,RWA,2024,3784.9629495071
KI,KIR,2024,3728.03970809328
SL,SLE,2024,3527.42124292431
GM,GMB,2024,3480.66001035486
ML,MLI,2024,3321.57614442921
ET,ETH,2024,3292.3093336937
UG,UGA,2024,3278.02086557843
HT,HTI,2024,3168.87908307377
GW,GNB,2024,3093.46533465682
LS,LSO,2024,3070.79580931865
BF,BFA,2024,2901.04214238045
TD,TCD,2024,2766.98134913811
SB,SLB,2024,2679.1210283533
AF,AFG,2024,2236.19907311431
SD,SDN,2024,2118.88891601563
NE,NER,2024,2044.04904937758
MG,MDG,2024,1888.66403175151
LR,LBR,2024,1873.76133636244
MW,MWI,2024,1860.31534523381
CD,COD,2024,1823.27705135453
MZ,MOZ,2024,1708.3035966667
SO,SOM,2024,1604.29116285918
CF,CAF,2024,1264.93671692975
BI,BDI,2024,1193.03528498996
