rank,country,gdp_label,gdp_usd,gdp_per_capita_usd
1,United States,$29.3 trillion,29298013000000,86170
2,China,$18.73 trillion,18729668435848,13293
3,Germany,$4.69 trillion,4685592577805,56104
4,Japan,$4.19 trillion,4190008188359,33797
5,India,$3.76 trillion,3760813470501,2592
6,United Kingdom,$3.7 trillion,3695539513534,53341
7,France,$3.16 trillion,3160442622465,46103
8,Italy,$2.38 trillion,2383435562458,40430
9,Canada,$2.27 trillion,2270076189683,55016
10,Russia,$2.19 trillion,2186462268813,14962
11,Brazil,$2.19 trillion,2185821610689,10311
12,South Korea,$1.88 trillion,1875388209407,36239
13,Mexico,$1.83 trillion,1830489311089,13988
14,Australia,$1.76 trillion,1757022451653,64610
15,Spain,$1.73 trillion,1725671652742,35327
16,Indonesia,$1.4 trillion,1396301788462,4925
17,Turkey,$1.36 trillion,1359123768774,15893
18,Saudi Arabia,$1.25 trillion,1254140800000,35528
19,Netherlands,$1.21 trillion,1213936238063,67465
20,Switzerland,$969.92 billion,969919786395,107702
21,Poland,$917.77 billion,917767106147,25104
22,Taiwan,$801.5 billion (IMF),801495000000,34252
23,Belgium,$670.98 billion,670983130619,56582
24,Argentina,$638.37 billion,638365455340,13970
25,Ireland,$609.16 billion,609157459747,112895
26,Sweden,$604.83 billion,604827393489,57223
27,Singapore,$572.88 billion,572877260178,94897
28,United Arab Emirates,$552.32 billion,552324919096,50274
29,Israel,$542.28 billion,542284494491,54217
30,Austria,$534.79 billion,534790720467,58269
31,Thailand,$529.39 billion,529385520942,7387
32,Norway,$500.89 billion,500886328034,89889
33,Vietnam,$476.32 billion,476324572784,4717
34,Iran,$475.25 billion,475252089215,5190
35,Philippines,$461.67 billion,461671157905,3985
36,Bangladesh,$450.12 billion,450119432069,2593
37,Denmark,$424.52 billion,424524722037,71026
38,Malaysia,$422.23 billion,422227005429,11874
39,Colombia,$420.5 billion,420504033143,7951
40,Hong Kong,$408.37 billion,408368682415,54275
41,South Africa,$401.14 billion,401144998374,6267
42,Egypt,$389.06 billion,389059910593,3338
43,Romania,$382.56 billion,382564217989,20080
44,Pakistan,$371.75 billion,371747087751,1479
45,Czech Republic (Czechia),$347.08 billion,347082562221,31828
46,Chile,$329.26 billion,329260633699,16659
47,Portugal,$313.66 billion,313656884871,29328
48,Finland,$298.73 billion,298729432712,53156
49,Peru,$291.75 billion,291751523019,8526
50,Kazakhstan,$291.48 billion,291480274649,14155
51,Iraq,$279.64 billion,279641257615,6074
52,Algeria,$269.32 billion,269322281665,5753
53,New Zealand,$261.5 billion,261497198364,49432
54,Greece,$256.24 billion,256238371778,24626
55,Nigeria,$252.26 billion,252261880140,1084
56,Hungary,$222.85 billion,222848211034,23305
57,Qatar,$216.29 billion,216294505495,75685
58,Cuba,"$201.99 billion (UN, 2023)",201985998168,18329
59,Ukraine,$190.83 billion,190833835445,5392
60,Kuwait,$160.9 billion,160903106639,32856
61,Morocco,$160.61 billion,160610994055,4153
62,Ethiopia,$149.74 billion,149740297952,1134
63,Slovakia,$140.93 billion,140934076532,25993
64,Puerto Rico,$126.03 billion,126029527034,39353
65,Dominican Republic,$124.28 billion,124282245639,10876
66,Ecuador,$123.8 billion,123802374000,6827
67,Uzbekistan,$121.36 billion,121356065241,3337
68,Venezuela,$120.57 billion,120566112397,4244
69,Kenya,$120.4 billion,120397537850,2133
70,Bulgaria,$113.35 billion,113349149167,17597
71,Guatemala,$113.22 billion,113215575151,6151
72,Oman,$107.14 billion,107137198700,20285
73,Angola,$103.08 billion,103080538044,2721
74,Sri Lanka,$99.62 billion,99616111266,4545
75,Costa Rica,$96.72 billion,96715644331,18853
76,Luxembourg,$93.28 billion,93279851863,137782
77,Croatia,$92.98 billion,92981894168,24050
78,Serbia,$90.09 billion,90088366320,13678
79,Côte d'Ivoire,$87.11 billion,87113179149,2728
80,Panama,$86.52 billion,86523959100,19161
81,Lithuania,$85.5 billion,85503938574,29604
82,Ghana,$83.29 billion,83288585604,2419
83,Uruguay,$82.32 billion,82322859144,24308
84,Tanzania,$79.24 billion,79235713445,1193
85,Belarus,$78.59 billion,78591839300,8606
86,DR Congo,$75.72 billion,75716176105,693
87,Azerbaijan,$74.43 billion,74426000000,7295
88,Myanmar,$74.07 billion,74068349524,1359
89,Slovenia,$72.97 billion,72972015197,34301
90,Jordan,$58.62 billion,58618380563,5074
91,Bolivia,$54.88 billion,54881327453,4421
92,Uganda,$53.91 billion,53911907079,1078
93,Cameroon,$53.3 billion,53296694320,1830
94,Tunisia,$51.41 billion,51412122480,4188
95,Sudan,$49.67 billion,49672435513,985
96,Macao,$49.47 billion,49467258923,72005
97,Libya,$48.49 billion,48487151215,6569
98,Bahrain,$47.21 billion,47210732713,29717
99,Cambodia,$46.35 billion,46352647037,2628
100,Paraguay,$44.74 billion,44738819362,6457
101,Turkmenistan,$44.25 billion,44249447717,5904
102,Latvia,$44 billion,44001275013,23579
103,Nepal,$43.3 billion,43298911700,1460
104,Estonia,$43.13 billion,43130419829,31428
105,Zimbabwe,$41.52 billion,41521975830,2496
106,Cyprus,$37.63 billion,37634551821,38674
107,Honduras,$36.98 billion,36980171442,3416
108,El Salvador,$34.88 billion,34879730000,5503
109,Georgia,$34.19 billion,34189423333,8968
110,Iceland,$33.19 billion,33186621855,85863
111,Senegal,$32.17 billion,32169996052,1739
112,Papua New Guinea,$30.8 billion,30803971189,2912
113,Bosnia and Herzegovina,$29.74 billion,29737363103,9398
114,Albania,$27.04 billion,27037474263,11374
115,Mali,$26.76 billion,26761281077,1093
116,Lebanon,$25.97 billion,25971643441,4473
117,Armenia,$25.96 billion,25955275380,8556
118,Trinidad and Tobago,$25.63 billion,25633544529,18733
119,Zambia,$25.3 billion,25303185342,1187
120,Malta,$25.04 billion,25042712191,44024
121,Guinea,$25.01 billion,25008678293,1695
122,Guyana,$24.66 billion,24662714628,29675
123,Haiti,$24.26 billion,24255657481,2060
124,Mongolia,$23.79 billion,23794540025,6751
125,Burkina Faso,$23.14 billion,23136514856,982
126,Mozambique,$22.75 billion,22752244245,657
127,Jamaica,$22.01 billion,22014429051,7754
128,Benin,$21.48 billion,21482643706,1485
129,Gabon,$20.9 billion,20895684426,8230
130,Syria,$19.99 billion (2023),19993439950,847
131,Chad,$19.91 billion,19906706690,981
132,Niger,$19.73 billion,19729786047,730
133,Nicaragua,$19.7 billion,19696311850,2848
134,Botswana,$19.29 billion,19286251068,7650
135,Moldova,$18.21 billion,18206842141,7579
136,Kyrgyzstan,$18.16 billion,18161630699,2515
137,Afghanistan,$17.78 billion,17778508876,417
138,Madagascar,$17.59 billion,17592832696,550
139,North Macedonia,$16.95 billion,16951682221,9292
140,Laos,$16.5 billion,16502933121,2124
141,North Korea,"$16.45 billion (UN, 2023)",16446632290,640
142,State of Palestine,$16.02 billion,16016900000,3028
143,Bahamas,$15.83 billion,15832800000,39455
144,Congo,$15.72 billion,15719986077,2482
145,Brunei,$15.34 billion,15340808592,33153
146,Rwanda,$15.11 billion,15111064182,1060
147,Mauritius,$14.94 billion,14938055690,11991
148,Tajikistan,$14.43 billion,14425113700,1362
149,Namibia,$13.64 billion,13641190683,4502
150,Equatorial Guinea,$13.25 billion,13254388261,7004
151,Somalia,$11.97 billion,11967000000,630
152,Malawi,$11.31 billion,11311971400,522
153,Monaco,$11.13 billion,11125788838,288002
154,Mauritania,$10.88 billion,10879212033,2105
155,Togo,$10.64 billion,10643440332,1266
156,Bermuda,$9.19 billion,9194499000,142250
157,Liechtenstein,$8.91 billion,8905764270,220167
158,New Caledonia,$8.55 billion,8548919387,29213
159,Montenegro,$8.27 billion,8274290506,13270
160,Yemen,$8.06 billion (IMF),8058000000,441
161,Cayman Islands,$7.77 billion,7765336505,104293
162,Barbados,$7.6 billion,7597571450,26897
163,Isle of Man,$7.58 billion (2023),7576129933,90015
164,Maldives,$7.06 billion,7061608267,13379
165,Sierra Leone,$6.97 billion,6971127234,807
166,Guam,$6.91 billion (2022),6910000000,41833
167,French Polynesia,$6.32 billion,6323716355,22440
168,Fiji,$5.97 billion,5968125909,6426
169,Eswatini,$4.86 billion,4858885841,3910
170,Liberia,$4.78 billion,4779300900,851
171,U.S. Virgin Islands,$4.67 billion (2022),4672000000,44321
172,South Sudan,$4.64 billion (IMF),4637000000,388
173,Suriname,$4.42 billion,4416775113,6962
174,Aruba,$4.17 billion,4167588070,38591
175,Djibouti,$4.15 billion,4152145940,3553
176,Faeroe Islands,$4.05 billion,4052937170,74175
177,Andorra,$4.04 billion,4044249679,49357
178,Curaçao,$3.56 billion,3561178212,22833
179,Bhutan,$3.35 billion,3346603859,4228
180,Greenland,$3.33 billion (2023),3326543974,58499
181,Belize,$3.2 billion,3203631800,7681
182,Burundi,$3.04 billion,3037579858,216
183,Central African Republic,$2.75 billion,2751494281,516
184,Cabo Verde,$2.71 billion,2713721857,5170
185,Saint Lucia,$2.61 billion,2605148148,14494
186,Gambia,$2.4 billion,2404888738,871
187,Lesotho,$2.39 billion,2391282548,1023
188,Eritrea,"$2.28 billion (UN, 2023)",2275290216,656
189,Seychelles,$2.23 billion,2228608684,18365
190,Guinea-Bissau,$2.2 billion,2197777210,998
191,Antigua and Barbuda,$2.16 billion,2162366667,23060
192,San Marino,$2.09 billion (IMF),2086000000,60946
193,Timor-Leste,$1.87 billion,1865608515,1332
194,Sint Maarten,$1.8 billion,1797836648,41473
195,Turks and Caicos,$1.75 billion,1745378000,37507
196,Comoros,$1.61 billion,1610082688,1858
197,Solomon Islands,$1.58 billion,1583964704,1934
198,British Virgin Islands,"$1.51 billion (UN, 2023)",1505856107,38627
199,Grenada,$1.35 billion,1351270370,11529
200,Vanuatu,$1.3 billion,1297956615,3960
201,Samoa,$1.18 billion,1175749786,5393
202,St. Vincent & Grenadines,$1.16 billion,1157207407,11501
203,Saint Kitts & Nevis,$1.12 billion,1122388889,23961
204,Northern Mariana Islands,$1.1 billion (2022),1096000000,23786
205,American Samoa,$871 million (2022),871000000,18017
206,Sao Tome & Principe,$824.99 million,824992558,3503
207,Dominica,$688.88 million,688881481,10405
208,Tonga,$647.49 million,647488244,6215
209,Micronesia,$481.12 million,481121300,4252
210,Anguilla,"$415.74 million (UN, 2023)",415735284,28850
211,Cook Islands,"$366.21 million (UN, 2023)",366211548,25750
212,Kiribati,$343.15 million,343153235,2551
213,Palau,$321.5 million,321501813,18169
214,Marshall Islands,$285 million,285000000,7590
215,Nauru,$167.83 million,167833415,14048
216,Montserrat,"$80.43 million (UN, 2023)",80429630,18197
217,Tuvalu,$56 million (IMF),56000000,5729
—,Saint Martin,$649.21 million (2021),649206263,21668
