iso3,area,year,coal,gas,other_fossil,nuclear,hydro,wind,solar,bioenergy,other_renewables,total,demand,demand_pc,co2_intensity,net_imports
UKR,Ukraine,1990,115.92,49.89,48.22,76.18,10.51,0.0,0.0,0.0,0.0,300.72,272.25,5.23,,-28.47
UKR,Ukraine,1991,107.99,46.43,38.74,75.13,11.71,0.0,0.0,0.0,0.0,280.0,265.19,5.08,,-14.81
UKR,Ukraine,1992,107.24,42.24,22.83,73.75,7.88,0.0,0.0,0.0,0.0,253.94,248.85,4.76,,-5.09
UKR,Ukraine,1993,89.06,38.89,17.13,75.24,11.04,0.0,0.0,0.0,0.0,231.36,229.82,4.39,,-1.54
UKR,Ukraine,1994,78.34,34.26,10.61,68.85,12.12,0.0,0.0,0.0,0.0,204.18,203.14,3.9,,-1.04
UKR,Ukraine,1995,71.67,32.73,10.59,70.52,9.95,0.0,0.0,0.0,0.0,195.46,192.51,3.73,,-2.95
UKR,Ukraine,1996,57.58,33.28,5.15,79.58,8.63,0.0,0.0,0.0,0.0,184.22,182.2,3.56,,-2.02
UKR,Ukraine,1997,56.33,31.02,2.5,79.43,9.86,0.0,0.0,0.0,0.0,179.14,178.99,3.52,,-0.15
UKR,Ukraine,1998,50.73,29.2,2.42,75.24,15.74,0.0,0.0,0.0,0.0,173.33,172.66,3.43,,-0.67
UKR,Ukraine,1999,54.34,30.25,1.6,72.07,14.32,0.0,0.0,0.0,0.0,172.58,169.14,3.38,,-3.44
UKR,Ukraine,2000,51.91,29.95,1.36,77.34,11.27,0.01,0.0,0.0,0.0,171.84,167.99,3.39,,-3.85
UKR,Ukraine,2001,53.49,30.36,1.23,76.17,12.03,0.02,0.0,0.0,0.0,173.3,170.24,3.47,,-3.06
UKR,Ukraine,2002,54.93,30.49,0.97,77.99,9.63,0.02,0.0,0.0,0.0,174.03,170.91,3.51,,-3.12
UKR,Ukraine,2003,54.86,34.24,0.8,81.41,9.24,0.03,0.0,0.0,0.0,180.58,175.64,3.64,,-4.94
UKR,Ukraine,2004,45.42,37.52,0.7,87.02,11.75,0.03,0.0,0.0,0.0,182.44,177.11,3.69,,-5.33
UKR,Ukraine,2005,50.34,34.16,0.73,88.76,12.36,0.04,0.0,0.0,0.0,186.39,178.04,3.74,,-8.35
UKR,Ukraine,2006,65.17,24.45,0.84,90.22,12.89,0.04,0.0,0.0,0.0,193.61,183.17,3.87,,-10.44
UKR,Ukraine,2007,70.04,22.45,0.75,92.54,10.14,0.05,0.0,0.28,0.0,196.25,187.08,3.98,,-9.17
UKR,Ukraine,2008,70.63,19.31,0.98,89.84,11.51,0.05,0.0,0.26,0.0,192.58,185.85,3.97,,-6.73
UKR,Ukraine,2009,65.19,11.69,1.69,82.92,11.94,0.04,0.0,0.14,0.0,173.61,169.34,3.63,,-4.27
UKR,Ukraine,2010,69.76,15.7,0.82,89.15,13.15,0.05,0.0,0.19,0.0,188.82,184.76,3.98,,-4.06
UKR,Ukraine,2011,74.5,18.45,0.56,90.25,10.94,0.09,0.03,0.13,0.0,194.95,188.66,4.07,,-6.29
UKR,Ukraine,2012,80.42,16.04,1.05,90.14,10.48,0.29,0.33,0.13,0.0,198.88,187.41,4.06,,-11.47
UKR,Ukraine,2013,81.01,13.98,1.06,83.21,13.8,0.64,0.57,0.1,0.0,194.37,184.48,4.0,,-9.89
UKR,Ukraine,2014,70.49,12.71,1.06,88.39,8.48,1.13,0.43,0.13,0.0,182.82,174.39,3.79,,-8.43
UKR,Ukraine,2015,56.53,10.1,2.32,87.63,5.4,1.08,0.48,0.14,0.0,163.68,162.33,3.55,,-1.35
UKR,Ukraine,2016,61.29,9.83,3.25,80.95,7.68,0.95,0.49,0.14,0.0,164.58,160.83,3.53,,-3.75
UKR,Ukraine,2017,49.33,7.38,2.89,85.58,8.95,0.98,0.72,0.21,0.0,156.04,150.86,3.32,,-5.18
UKR,Ukraine,2018,49.06,10.57,2.8,84.4,10.43,1.19,1.11,0.3,0.0,159.86,153.79,3.4,,-6.07
UKR,Ukraine,2019,45.53,11.93,1.81,83.0,6.51,2.02,2.93,0.41,0.0,154.14,150.1,3.34,,-4.04
UKR,Ukraine,2020,40.2,14.19,0.25,76.2,7.56,3.26,5.37,0.76,0.0,147.79,145.37,3.25,,-2.42
UKR,Ukraine,2021,37.49,10.32,0.75,86.21,10.44,3.82,6.5,0.91,,156.44,154.4,3.49,,-2.04
UKR,Ukraine,2022,23.32,7.18,0.53,62.18,11.02,1.42,5.08,0.78,,111.51,111.61,2.72,,0.1
