numbeo,code,en,uk,lat,lon,source,note
"Aachen, Germany",DE,Aachen,Аахен,50.776,6.084,wikidata:Q1017,
"Aalborg, Denmark",DK,Aalborg,Ольборг,57.05,9.917,wikidata:Q25410,
"Aarhus, Denmark",DK,Aarhus,Орхус,56.156,10.21,review,Wikidata: «Оргус»; Ukrainian Wikipedia: «Орхус» — check
"Aberdeen, United Kingdom",GB,Aberdeen,Абердин,57.15,-2.1,wikidata:Q36405,
"Abidjan, Ivory Coast",CI,Abidjan,Абіджан,5.336,-4.027,wikidata:Q1515,
"Abu Dhabi, United Arab Emirates",AE,Abu Dhabi,Абу-Дабі,24.451,54.397,wikidata:Q1519,
"Accra, Ghana",GH,Accra,Аккра,5.556,-0.197,wikidata:Q3761,
"Addis Ababa, Ethiopia",ET,Addis Ababa,Аддис-Абеба,9.036,38.752,wikidata:Q3624,
"Adelaide, Australia",AU,Adelaide,Аделаїда,-34.928,138.6,wikidata:Q5112,
"Agadir, Morocco",MA,Agadir,Агадір,30.421,-9.583,wikidata:Q170525,
"Aguascalientes, Mexico",MX,Aguascalientes,Агуаскальєнтес,21.881,-102.296,review,Wikidata: «Аґуаскальєнтес» — г as in other names
"Ahmedabad, India",IN,Ahmedabad,Ахмедабад,23.022,72.58,wikidata:Q1070,
"Ajman, United Arab Emirates",AE,Ajman,Аджман,25.399,55.48,wikidata:Q530171,
"Albany, NY, United States",US,Albany,Олбані,42.65,-73.767,wikidata:Q24861,
"Albuquerque, NM, United States",US,Albuquerque,Альбукерке,35.084,-106.65,wikidata:Q34804,
"Alexandria, Egypt",EG,Alexandria,Александрія,31.198,29.892,wikidata:Q87,
"Algiers, Algeria",DZ,Algiers,Алжир,36.776,3.059,wikidata:Q3561,
"Alicante, Spain",ES,Alicante,Аліканте,38.345,-0.483,wikidata:Q11959,
"Almaty, Kazakhstan",KZ,Almaty,Алмати,43.24,76.915,wikidata:Q35493,
"Almere, Netherlands",NL,Almere,Алмере,52.37,5.22,review,no Wikidata match; coordinates by hand
"Amman, Jordan",JO,Amman,Амман,31.931,35.926,wikidata:Q3805,
"Amsterdam, Netherlands",NL,Amsterdam,Амстердам,52.37,4.9,review,no Wikidata match; coordinates by hand
"Anchorage, AK, United States",US,Anchorage,Анкоридж,61.217,-149.894,wikidata:Q39450,
"Ankara, Turkey",TR,Ankara,Анкара,39.936,32.839,wikidata:Q3640,
"Ann Arbor, MI, United States",US,Ann Arbor,Анн-Арбор,42.281,-83.748,wikidata:Q485172,
"Antalya, Turkey",TR,Antalya,Анталія,36.908,30.696,wikidata:Q6487,
"Antwerp, Belgium",BE,Antwerp,Антверпен,51.221,4.4,wikidata:Q12892,
"Arlington, VA, United States",US,Arlington,Арлінгтон,38.879,-77.101,wikidata:Q49279759,
"Astana (Nur-Sultan), Kazakhstan",KZ,Astana,Астана,51.133,71.433,wikidata:Q1520,
"Asuncion, Paraguay",PY,Asuncion,Асунсьйон,-25.28,-57.634,wikidata:Q2933,
"Athens, Greece",GR,Athens,Афіни,37.984,23.728,wikidata:Q1524,
"Atlanta, GA, United States",US,Atlanta,Атланта,33.754,-84.39,wikidata:Q23556,
"Auckland, New Zealand",NZ,Auckland,Окленд,-36.849,174.765,wikidata:Q37100,
"Austin, TX, United States",US,Austin,Остін,30.3,-97.733,wikidata:Q16559,
"Aveiro, Portugal",PT,Aveiro,Авейру,40.639,-8.655,review,Wikidata item without a Ukrainian label
"Baghdad, Iraq",IQ,Baghdad,Багдад,33.315,44.366,wikidata:Q1530,
"Baku, Azerbaijan",AZ,Baku,Баку,40.367,49.835,wikidata:Q9248,
"Bali, Indonesia",ID,Bali,Балі,-8.672,115.234,review,Numbeo lists the island; coordinates of Denpasar (Q11506)
"Baltimore, MD, United States",US,Baltimore,Балтимор,39.286,-76.615,wikidata:Q5092,
"Bangalore, India",IN,Bangalore,Бенгалуру,12.979,77.591,wikidata:Q1355,
"Bangkok, Thailand",TH,Bangkok,Бангкок,13.75,100.517,wikidata:Q1861,
"Banja Luka, Bosnia And Herzegovina",BA,Banja Luka,Баня-Лука,44.773,17.192,wikidata:Q131127,
"Barcelona, Spain",ES,Barcelona,Барселона,41.383,2.177,wikidata:Q1492,
"Bari, Italy",IT,Bari,Барі,41.125,16.867,wikidata:Q3519,
"Basel, Switzerland",CH,Basel,Базель,47.561,7.591,wikidata:Q78,
"Batumi, Ajara, Georgia",GE,Batumi,Батумі,41.646,41.642,wikidata:Q25475,
"Beijing, China",CN,Beijing,Пекін,39.904,116.408,wikidata:Q956,
"Beirut, Lebanon",LB,Beirut,Бейрут,33.887,35.513,wikidata:Q3820,
"Belfast, United Kingdom",GB,Belfast,Белфаст,54.597,-5.93,wikidata:Q10686,
"Belgrade, Serbia",RS,Belgrade,Белград,44.818,20.457,wikidata:Q3711,
"Belo Horizonte, Brazil",BR,Belo Horizonte,Белу-Оризонті,-19.928,-43.942,wikidata:Q42800,
"Bergamo, Italy",IT,Bergamo,Бергамо,45.695,9.67,wikidata:Q628,
"Bergen, Norway",NO,Bergen,Берген,60.392,5.323,wikidata:Q26793,
"Berlin, Germany",DE,Berlin,Берлін,52.517,13.383,wikidata:Q64,
"Bern, Switzerland",CH,Bern,Берн,46.948,7.447,wikidata:Q70,
"Bhopal, India",IN,Bhopal,Бгопал,23.259,77.412,wikidata:Q80989,
"Bhubaneswar, India",IN,Bhubaneswar,Бхубанешвар,20.295,85.825,wikidata:Q171771,
"Bilbao, Spain",ES,Bilbao,Більбао,43.26,-2.93,review,Wikidata matched another item
"Birmingham, AL, United States",US,Birmingham,Бірмінгем,33.517,-86.809,wikidata:Q79867,
"Birmingham, United Kingdom",GB,Birmingham,Бірмінгем,52.48,-1.903,wikidata:Q2256,
"Bishkek, Kyrgyzstan",KG,Bishkek,Бішкек,42.867,74.567,wikidata:Q9361,
"Bogota, Colombia",CO,Bogota,Богота,4.61,-74.082,wikidata:Q2841,
"Boise, ID, United States",US,Boise,Бойсе,43.614,-116.238,wikidata:Q35775,
"Bologna, Italy",IT,Bologna,Болонья,44.49,11.34,review,Wikidata matched another item; coordinates by hand
"Bolzano-Bozen, Italy",IT,Bolzano-Bozen,Больцано,46.498,11.355,wikidata:Q6526,
"Bonn, Germany",DE,Bonn,Бонн,50.735,7.102,wikidata:Q586,
"Bordeaux, France",FR,Bordeaux,Бордо,44.838,-0.579,wikidata:Q1479,
"Boston, MA, United States",US,Boston,Бостон,42.36,-71.058,wikidata:Q100,
"Braga, Portugal",PT,Braga,Брага,41.55,-8.42,review,Wikidata item without a Ukrainian label
"Brasilia, Brazil",BR,Brasilia,Бразиліа,-15.794,-47.883,wikidata:Q2844,
"Brasov, Romania",RO,Brasov,Брашов,45.652,25.611,wikidata:Q82174,
"Bratislava, Slovakia",SK,Bratislava,Братислава,48.152,17.109,wikidata:Q1780,
"Bremen, Germany",DE,Bremen,Бремен,53.133,8.733,wikidata:Q1209,
"Brescia, Italy",IT,Brescia,Брешія,45.54,10.22,review,no Wikidata match; coordinates by hand
"Brighton, United Kingdom",GB,Brighton,Брайтон,50.821,-0.138,wikidata:Q131491,
"Brisbane, Australia",AU,Brisbane,Брисбен,-27.468,153.028,wikidata:Q34932,
"Bristol, United Kingdom",GB,Bristol,Бристоль,51.454,-2.598,wikidata:Q23154,
"Brno, Czech Republic",CZ,Brno,Брно,49.195,16.608,wikidata:Q14960,
"Brooklyn, NY, United States",US,Brooklyn,Бруклін,40.651,-73.95,wikidata:Q18419,
"Brussels, Belgium",BE,Brussels,Брюссель,50.847,4.353,wikidata:Q9005,
"Bucharest, Romania",RO,Bucharest,Бухарест,44.413,26.098,wikidata:Q19660,
"Budapest, Hungary",HU,Budapest,Будапешт,47.498,19.041,wikidata:Q1781,
"Budva, Montenegro",ME,Budva,Будва,42.285,18.845,wikidata:Q174237,
"Buenos Aires, Argentina",AR,Buenos Aires,Буенос-Айрес,-34.6,-58.382,wikidata:Q1486,
"Buffalo, NY, United States",US,Buffalo,Баффало,42.886,-78.878,wikidata:Q40435,
"Burgas, Bulgaria",BG,Burgas,Бургас,42.503,27.47,wikidata:Q6509,
"Burlington, Canada",CA,Burlington,Берлінгтон,43.325,-79.8,wikidata:Q34218,
"Burnaby, Canada",CA,Burnaby,Бернабі,49.25,-122.949,wikidata:Q244025,
"Bursa, Turkey",TR,Bursa,Бурса,40.191,29.081,wikidata:Q40738,
"Bydgoszcz, Poland",PL,Bydgoszcz,Бидгощ,53.117,18,wikidata:Q41252,
"Cagliari, Italy",IT,Cagliari,Кальярі,39.22,9.12,review,Wikidata matched another item; coordinates by hand
"Cairo, Egypt",EG,Cairo,Каїр,30.044,31.236,wikidata:Q85,
"Calgary, Canada",CA,Calgary,Калгарі,51.047,-114.063,wikidata:Q36312,
"Cambridge, United Kingdom",GB,Cambridge,Кембридж,52.208,0.122,wikidata:Q350,
"Campinas, Brazil",BR,Campinas,Кампінас,-22.901,-47.057,wikidata:Q171617,
"Canberra, Australia",AU,Canberra,Канберра,-35.293,149.127,wikidata:Q3114,
"Cape Town, South Africa",ZA,Cape Town,Кейптаун,-33.925,18.424,wikidata:Q5465,
"Caracas, Venezuela",VE,Caracas,Каракас,10.506,-66.914,wikidata:Q1533,
"Cardiff, United Kingdom",GB,Cardiff,Кардіфф,51.482,-3.179,wikidata:Q10690,
"Casablanca, Morocco",MA,Casablanca,Касабланка,33.599,-7.62,wikidata:Q7903,
"Catania, Italy",IT,Catania,Катанія,37.503,15.087,wikidata:Q1903,
"Cebu, Philippines",PH,Cebu,Себу,10.293,123.902,wikidata:Q1467,
"Changsha, China",CN,Changsha,Чанша,28.199,112.971,wikidata:Q174091,
"Chania, Greece",GR,Chania,Ханья,35.517,24.017,wikidata:Q182299,
"Charleston, SC, United States",US,Charleston,Чарлстон,32.783,-79.932,wikidata:Q47716,
"Charlotte, NC, United States",US,Charlotte,Шарлотт,35.227,-80.843,wikidata:Q16565,
"Chengdu, China",CN,Chengdu,Ченду,30.66,104.063,wikidata:Q30002,
"Chennai, India",IN,Chennai,Ченнай,13.082,80.275,wikidata:Q1352,
"Chiang Mai, Thailand",TH,Chiang Mai,Чіангмай,18.789,98.983,wikidata:Q52028,
"Chicago, IL, United States",US,Chicago,Чикаго,41.882,-87.628,wikidata:Q1297,
"Chisinau, Moldova",MD,Chisinau,Кишинів,47.023,28.835,wikidata:Q21197,
"Chittagong, Bangladesh",BD,Chittagong,Читтагонг,22.335,91.832,wikidata:Q376749,
"Chongqing, China",CN,Chongqing,Чунцін,29.55,106.507,wikidata:Q11725,
"Christchurch, New Zealand",NZ,Christchurch,Крайстчерч,-43.531,172.636,wikidata:Q79990,
"Cincinnati, OH, United States",US,Cincinnati,Цинциннаті,39.1,-84.513,wikidata:Q43196,
"Cleveland, OH, United States",US,Cleveland,Клівленд,41.499,-81.695,wikidata:Q37320,
"Cluj-Napoca, Romania",RO,Cluj-Napoca,Клуж-Напока,46.769,23.591,wikidata:Q100188,
"Coimbatore, India",IN,Coimbatore,Коїмбатор,11.001,76.963,wikidata:Q9885,
"Coimbra, Portugal",PT,Coimbra,Коїмбра,40.209,-8.427,review,Wikidata item without a Ukrainian label
"College Station, TX, United States",US,College Station,Коледж-Стейшен,30.601,-96.314,wikidata:Q695511,
"Cologne, Germany",DE,Cologne,Кельн,50.942,6.958,wikidata:Q365,
"Colombo, Sri Lanka",LK,Colombo,Коломбо,6.927,79.861,wikidata:Q35381,
"Colorado Springs, CO, United States",US,Colorado Springs,Колорадо-Спрінгз,38.863,-104.792,wikidata:Q49258,
"Columbia, SC, United States",US,Columbia,Колумбія,34.001,-81.044,wikidata:Q38453,
"Columbus, OH, United States",US,Columbus,Колумбус,39.962,-83.001,wikidata:Q16567,
"Constanta, Romania",RO,Constanta,Констанца,44.177,28.651,wikidata:Q79808,
"Copenhagen, Denmark",DK,Copenhagen,Копенгаген,55.676,12.569,wikidata:Q1748,
"Cork, Ireland",IE,Cork,Корк,51.9,-8.473,wikidata:Q36647,
"Craiova, Romania",RO,Craiova,Крайова,44.333,23.817,wikidata:Q168057,
"Cuenca, Ecuador",EC,Cuenca,Куенка,-2.897,-79.004,wikidata:Q54886,
"Curitiba, Brazil",BR,Curitiba,Куритиба,-25.43,-49.272,wikidata:Q4361,
"Dallas, TX, United States",US,Dallas,Даллас,32.779,-96.809,wikidata:Q16557,
"Damascus, Syria",SY,Damascus,Дамаск,33.513,36.292,wikidata:Q3766,
"Dar es Salaam, Tanzania",TZ,Dar es Salaam,Дар-ес-Салам,-6.816,39.28,wikidata:Q1960,
"Darmstadt, Germany",DE,Darmstadt,Дармштадт,49.867,8.65,wikidata:Q2973,
"Debrecen, Hungary",HU,Debrecen,Дебрецен,47.53,21.639,wikidata:Q79880,
"Dehradun, India",IN,Dehradun,Деградун,30.318,78.029,wikidata:Q199528,
"Delft, Netherlands",NL,Delft,Делфт,52.01,4.36,review,no Wikidata match; coordinates by hand
"Delhi, India",IN,Delhi,Делі,28.667,77.217,wikidata:Q1353,
"Denpasar, Indonesia",ID,Denpasar,Денпасар,-8.672,115.234,wikidata:Q11506,
"Denver, CO, United States",US,Denver,Денвер,39.739,-104.985,wikidata:Q16554,
"Detroit, MI, United States",US,Detroit,Детройт,42.332,-83.047,wikidata:Q12439,
"Dhaka, Bangladesh",BD,Dhaka,Дакка,23.729,90.394,wikidata:Q1354,
"Dnipro, Ukraine",UA,Dnipro,Дніпро,48.468,35.04,wikidata:Q48256,
"Doha, Qatar",QA,Doha,Доха,25.286,51.529,wikidata:Q3861,
"Dortmund, Germany",DE,Dortmund,Дортмунд,51.514,7.465,wikidata:Q1295,
"Dresden, Germany",DE,Dresden,Дрезден,51.049,13.738,wikidata:Q1731,
"Dubai, United Arab Emirates",AE,Dubai,Дубай,25.27,55.309,wikidata:Q612,
"Dublin, Ireland",IE,Dublin,Дублін,53.35,-6.26,wikidata:Q1761,
"Durban, South Africa",ZA,Durban,Дурбан,-29.858,31.025,wikidata:Q5468,
"Durres, Albania",AL,Durres,Дуррес,41.313,19.446,wikidata:Q83285,
"Dushanbe, Tajikistan",TJ,Dushanbe,Душанбе,38.573,68.786,wikidata:Q9365,
"Dusseldorf, Germany",DE,Dusseldorf,Дюссельдорф,51.226,6.777,wikidata:Q1718,
"Edinburgh, United Kingdom",GB,Edinburgh,Единбург,55.953,-3.189,wikidata:Q23436,
"Edmonton, Canada",CA,Edmonton,Едмонтон,53.533,-113.5,wikidata:Q2096,
"Eindhoven, Netherlands",NL,Eindhoven,Ейндговен,51.44,5.48,review,no Wikidata match — check; coordinates by hand
"El Paso, TX, United States",US,El Paso,Ель-Пасо,31.759,-106.489,wikidata:Q16562,
"Erbil (Irbil), Iraq",IQ,Erbil,Ербіль,36.191,44.009,wikidata:Q132754,
"Erfurt, Germany",DE,Erfurt,Ерфурт,50.978,11.029,wikidata:Q1729,
"Erlangen, Germany",DE,Erlangen,Ерланген,49.593,11.005,wikidata:Q3126,
"Espoo, Finland",FI,Espoo,Еспоо,60.206,24.656,wikidata:Q47034,
"Essen, Germany",DE,Essen,Ессен,51.451,7.013,wikidata:Q2066,
"Eugene, OR, United States",US,Eugene,Юджин,44.052,-123.093,wikidata:Q171224,
"Faro, Portugal",PT,Faro,Фару,37.02,-7.93,review,no Wikidata match; coordinates by hand
"Fethiye, Turkey",TR,Fethiye,Фетхіє,36.62,29.12,review,Wikidata item without a Ukrainian label; coordinates by hand
"Florence, Italy",IT,Florence,Флоренція,43.771,11.254,wikidata:Q2044,
"Florianopolis, Brazil",BR,Florianopolis,Флоріанополіс,-27.593,-48.553,wikidata:Q132997,
"Fort Collins, CO, United States",US,Fort Collins,Форт-Коллінс,40.567,-105.083,wikidata:Q490732,
"Fort Lauderdale, FL, United States",US,Fort Lauderdale,Форт-Лодердейл,26.136,-80.142,wikidata:Q165972,
"Fort Worth, TX, United States",US,Fort Worth,Форт-Верт,32.756,-97.332,wikidata:Q16558,
"Fortaleza, Brazil",BR,Fortaleza,Форталеза,-3.728,-38.528,wikidata:Q43463,
"Frankfurt, Germany",DE,Frankfurt,Франкфурт-на-Майні,50.111,8.682,wikidata:Q1794,
"Freiburg im Breisgau, Germany",DE,Freiburg,Фрайбург,47.995,7.85,wikidata:Q2833,
"Funchal, Portugal",PT,Funchal,Фуншал,32.651,-16.908,review,Wikidata item without a Ukrainian label
"Gaborone, Botswana",BW,Gaborone,Габороне,-24.657,25.909,wikidata:Q3919,
"Gainesville, FL, United States",US,Gainesville,Гейнсвілл,29.665,-82.336,review,Wikidata Q487999: «Ґейнсвілл» — г as in other names
"Gdansk, Poland",PL,Gdansk,Гданськ,54.348,18.654,wikidata:Q1792,
"Gdynia, Poland",PL,Gdynia,Гдиня,54.517,18.54,wikidata:Q385,
"Geneva, Switzerland",CH,Geneva,Женева,46.2,6.15,wikidata:Q71,
"Genoa, Italy",IT,Genoa,Генуя,44.407,8.934,wikidata:Q1449,
"Gent, Belgium",BE,Ghent,Гент,51.054,3.725,wikidata:Q1296,
"Gijon, Spain",ES,Gijon,Хіхон,43.545,-5.662,review,Wikidata item without a Ukrainian label
"Glasgow, United Kingdom",GB,Glasgow,Глазго,55.861,-4.25,wikidata:Q4093,
"Gold Coast, Australia",AU,Gold Coast,Голд-Кост,-28.017,153.4,wikidata:Q140075,
"Gothenburg, Sweden",SE,Gothenburg,Гетеборг,57.708,11.967,wikidata:Q25287,
"Graz, Austria",AT,Graz,Грац,47.071,15.439,wikidata:Q13298,
"Greenville, SC, United States",US,Greenville,Грінвілл,34.844,-82.386,review,Wikidata Q574192: «Гринвілл» — check
"Grenoble, France",FR,Grenoble,Гренобль,45.187,5.726,wikidata:Q1289,
"Groningen, Netherlands",NL,Groningen,Гронінген,53.22,6.57,review,no Wikidata match; coordinates by hand
"Guadalajara, Mexico",MX,Guadalajara,Гвадалахара,20.676,-103.342,wikidata:Q9022,
"Guangzhou, China",CN,Guangzhou,Гуанчжоу,23.13,113.26,wikidata:Q16572,
"Guatemala City, Guatemala",GT,Guatemala City,Гватемала,14.642,-90.513,wikidata:Q1555,
"Guayaquil, Ecuador",EC,Guayaquil,Гуаякіль,-2.19,-79.888,wikidata:Q43509,
"Guelph, Canada",CA,Guelph,Гвелф,43.55,-80.25,review,Wikidata: «Ґвелф» — г as in other names
"Guildford, United Kingdom",GB,Guildford,Гілфорд,51.235,-0.575,wikidata:Q213465,
"Gurgaon, India",IN,Gurgaon,Гургаон,28.467,77.033,wikidata:Q238508,
"Haarlem, Netherlands",NL,Haarlem,Гарлем,52.38,4.64,review,no Wikidata match — check; coordinates by hand
"Haifa, Israel",IL,Haifa,Хайфа,32.819,34.999,wikidata:Q41621,
"Halifax, Canada",CA,Halifax,Галіфакс,44.648,-63.571,wikidata:Q2141,
"Hamburg, Germany",DE,Hamburg,Гамбург,53.55,10,wikidata:Q1055,
"Hamilton, Canada",CA,Hamilton,Гамільтон,43.257,-79.869,wikidata:Q133116,
"Hangzhou, China",CN,Hangzhou,Ханчжоу,30.25,120.168,wikidata:Q4970,
"Hanoi, Vietnam",VN,Hanoi,Ханой,21.024,105.841,wikidata:Q1858,
"Hanover, Germany",DE,Hanover,Ганновер,52.374,9.739,wikidata:Q1715,
"Harare, Zimbabwe",ZW,Harare,Хараре,-17.829,31.052,wikidata:Q3921,
"Hefei, China",CN,Hefei,Хефей,31.864,117.281,wikidata:Q185684,
"Heidelberg, Germany",DE,Heidelberg,Гайдельберг,49.409,8.695,wikidata:Q2966,
"Helsinki, Finland",FI,Helsinki,Гельсінкі,60.171,24.938,wikidata:Q1757,
"Heraklion, Greece",GR,Heraklion,Іракліон,35.34,25.134,wikidata:Q160544,
"Ho Chi Minh City, Vietnam",VN,Ho Chi Minh City,Хошимін,10.776,106.702,wikidata:Q1854,
"Hobart, Australia",AU,Hobart,Гобарт,-42.883,147.317,wikidata:Q40191,
"Hong Kong, Hong Kong (China)",HK,Hong Kong,Гонконг,22.278,114.159,wikidata:Q8646,
"Honolulu, HI, United States",US,Honolulu,Гонолулу,21.305,-157.857,wikidata:Q18094,
"Houston, TX, United States",US,Houston,Х’юстон,29.763,-95.383,wikidata:Q16555,
"Huntsville, AL, United States",US,Huntsville,Гантсвілл,34.714,-86.586,wikidata:Q79860,
"Hyderabad, India",IN,Hyderabad,Гайдерабад,17.362,78.475,wikidata:Q1361,
"Iasi, Romania",RO,Iasi,Ясси,47.162,27.589,wikidata:Q46852,
"Indianapolis, IN, United States",US,Indianapolis,Індіанаполіс,39.769,-86.158,wikidata:Q6346,
"Indore, India",IN,Indore,Індаур,22.719,75.855,wikidata:Q66616,
"Innsbruck, Austria",AT,Innsbruck,Інсбрук,47.268,11.393,wikidata:Q1735,
"Islamabad, Pakistan",PK,Islamabad,Ісламабад,33.699,73.037,wikidata:Q1362,
"Istanbul, Turkey",TR,Istanbul,Стамбул,41.01,28.96,wikidata:Q406,
"Izmir, Turkey",TR,Izmir,Ізмір,38.413,27.138,wikidata:Q35997,
"Jacksonville, FL, United States",US,Jacksonville,Джексонвілл,30.33,-81.66,review,Wikidata matched Jacksonville NC; coordinates of Jacksonville FL by hand
"Jaipur, India",IN,Jaipur,Джайпур,26.915,75.82,wikidata:Q66485,
"Jakarta, Indonesia",ID,Jakarta,Джакарта,-6.175,106.827,wikidata:Q3630,
"Jeddah (Jiddah), Saudi Arabia",SA,Jeddah,Джидда,21.529,39.161,wikidata:Q374365,
"Jersey City, NJ, United States",US,Jersey City,Джерсі-Сіті,40.71,-74.06,wikidata:Q26339,
"Jerusalem, Israel",IL,Jerusalem,Єрусалим,31.777,35.234,wikidata:Q1218,
"Jinan, China",CN,Jinan,Цзінань,36.667,116.983,wikidata:Q170247,
"Johannesburg, South Africa",ZA,Johannesburg,Йоганнесбург,-26.204,28.042,wikidata:Q34647,
"Kabul, Afghanistan",AF,Kabul,Кабул,34.533,69.166,wikidata:Q5838,
"Kampala, Uganda",UG,Kampala,Кампала,0.314,32.581,wikidata:Q3894,
"Kanpur, India",IN,Kanpur,Канпур,26.473,80.331,wikidata:Q66568,
"Kansas City, MO, United States",US,Kansas City,Канзас-Сіті,39.05,-94.583,wikidata:Q41819,
"Kaohsiung, Taiwan",TW,Kaohsiung,Гаосюн,22.63,120.3,review,no Wikidata match — check; coordinates by hand
"Karachi, Pakistan",PK,Karachi,Карачі,24.86,67.01,wikidata:Q8660,
"Karlsruhe, Germany",DE,Karlsruhe,Карлсруе,49.017,8.4,wikidata:Q1040,
"Kathmandu, Nepal",NP,Kathmandu,Катманду,27.71,85.32,wikidata:Q3037,
"Katowice, Poland",PL,Katowice,Катовиці,50.25,19,wikidata:Q588,
"Kaunas, Lithuania",LT,Kaunas,Каунас,54.9,23.933,wikidata:Q4115712,
"Kelowna, Canada",CA,Kelowna,Келоуна,49.88,-119.444,wikidata:Q232226,
"Kharkiv, Ukraine",UA,Kharkiv,Харків,49.992,36.231,wikidata:Q42308,
"Kiel, Germany",DE,Kiel,Кіль,54.323,10.139,wikidata:Q1707,
"Kiev (Kyiv), Ukraine",UA,Kyiv,Київ,50.45,30.524,wikidata:Q1899,
"Kitchener, Canada",CA,Kitchener,Кітченер,43.45,-80.483,wikidata:Q200166,
"Klaipeda, Lithuania",LT,Klaipeda,Клайпеда,55.712,21.135,wikidata:Q776965,
"Knoxville, TN, United States",US,Knoxville,Ноксвілл,35.962,-83.923,wikidata:Q185582,
"Kochi, India",IN,Kochi,Кочі,9.967,76.283,wikidata:Q1800,
"Kolkata, India",IN,Kolkata,Колката,22.567,88.37,wikidata:Q1348,
"Kosice, Slovakia",SK,Kosice,Кошиці,48.717,21.25,wikidata:Q25409,
"Krakow (Cracow), Poland",PL,Kraków,Краків,50.061,19.937,wikidata:Q31487,
"Kuala Lumpur, Malaysia",MY,Kuala Lumpur,Куала-Лумпур,3.148,101.695,wikidata:Q1865,
"Kuwait City, Kuwait",KW,Kuwait City,Ель-Кувейт,29.375,47.98,wikidata:Q35178,
"La Paz, Bolivia",BO,La Paz,Ла-Пас,-16.496,-68.133,wikidata:Q1491,
"Lagos, Nigeria",NG,Lagos,Лагос,6.456,3.394,wikidata:Q8673,
"Lahore, Pakistan",PK,Lahore,Лахор,31.55,74.344,wikidata:Q11739,
"Larnaca, Cyprus",CY,Larnaca,Ларнака,34.917,33.633,wikidata:Q171882,
"Las Palmas de Gran Canaria, Spain",ES,Las Palmas,Лас-Пальмас,28.099,-15.413,review,Wikidata item without a Ukrainian label
"Las Vegas, NV, United States",US,Las Vegas,Лас-Вегас,36.167,-115.149,wikidata:Q23768,
"Lausanne, Switzerland",CH,Lausanne,Лозанна,46.533,6.633,wikidata:Q807,
"Leeds, United Kingdom",GB,Leeds,Лідс,53.797,-1.544,wikidata:Q39121,
"Leiden, Netherlands",NL,Leiden,Лейден,52.16,4.49,review,no Wikidata match; coordinates by hand
"Leipzig, Germany",DE,Leipzig,Лейпциг,51.341,12.375,wikidata:Q2079,
"Lethbridge, AB, Canada",CA,Lethbridge,Летбридж,49.694,-112.833,wikidata:Q270887,
"Leuven, Belgium",BE,Leuven,Левен,50.877,4.704,wikidata:Q118958,
"Lille, France",FR,Lille,Лілль,50.632,3.058,wikidata:Q648,
"Lima, Peru",PE,Lima,Ліма,-12.06,-77.037,wikidata:Q2868,
"Limassol, Cyprus",CY,Limassol,Лімасол,34.675,33.044,wikidata:Q185632,
"Linz, Austria",AT,Linz,Лінц,48.306,14.286,wikidata:Q41329,
"Lisbon, Portugal",PT,Lisbon,Лісабон,38.708,-9.139,wikidata:Q597,
"Little Rock, AR, United States",US,Little Rock,Літл-Рок,34.744,-92.288,wikidata:Q33405,
"Liverpool, United Kingdom",GB,Liverpool,Ліверпуль,53.407,-2.992,wikidata:Q24826,
"Ljubljana, Slovenia",SI,Ljubljana,Любляна,46.051,14.506,wikidata:Q437,
"Lodz, Poland",PL,Lodz,Лодзь,51.75,19.467,wikidata:Q580,
"London, Canada",CA,London,Лондон,42.984,-81.25,wikidata:Q92561,
"London, United Kingdom",GB,London,Лондон,51.507,-0.128,wikidata:Q84,
"Los Angeles, CA, United States",US,Los Angeles,Лос-Анджелес,34.052,-118.244,wikidata:Q65,
"Louisville, KY, United States",US,Louisville,Луїсвілл,38.256,-85.751,wikidata:Q43668,
"Lucerne, Switzerland",CH,Lucerne,Люцерн,47.052,8.306,wikidata:Q4191,
"Lucknow (Lakhnau), India",IN,Lucknow,Лакнау,26.847,80.947,wikidata:Q47916,
"Lugano, Switzerland",CH,Lugano,Лугано,46.01,8.963,wikidata:Q7024,
"Lund, Sweden",SE,Lund,Лунд,55.708,13.199,wikidata:Q2167,
"Lusaka, Zambia",ZM,Lusaka,Лусака,-15.417,28.283,wikidata:Q3881,
"Luxembourg, Luxembourg",LU,Luxembourg,Люксембург,49.611,6.13,wikidata:Q1842,
"Lviv, Ukraine",UA,Lviv,Львів,49.842,24.032,wikidata:Q36036,
"Lyon, France",FR,Lyon,Ліон,45.767,4.835,wikidata:Q456,
"Madison, WI, United States",US,Madison,Медісон,43.075,-89.384,wikidata:Q43788,
"Madrid, Spain",ES,Madrid,Мадрид,40.408,-3.688,review,Wikidata matched another item
"Makati, Philippines",PH,Makati,Макаті,14.55,121.02,review,no Wikidata match; coordinates by hand
"Malaga, Spain",ES,Malaga,Малага,36.717,-4.417,wikidata:Q8851,
"Malmo, Sweden",SE,Malmo,Мальме,55.583,13,wikidata:Q2211,
"Manama, Bahrain",BH,Manama,Манама,26.217,50.583,wikidata:Q3882,
"Manchester, United Kingdom",GB,Manchester,Манчестер,53.479,-2.245,wikidata:Q18125,
"Manila, Philippines",PH,Manila,Маніла,14.596,120.977,wikidata:Q1461,
"Mannheim, Germany",DE,Mannheim,Мангайм,49.488,8.466,wikidata:Q2119,
"Maribor, Slovenia",SI,Maribor,Марибор,46.55,15.633,wikidata:Q1010,
"Marrakech, Morocco",MA,Marrakech,Марракеш,31.629,-7.981,wikidata:Q101625,
"Marseille, France",FR,Marseille,Марсель,43.3,5.37,review,no Wikidata match; coordinates by hand
"Medellin, Colombia",CO,Medellin,Медельїн,6.25,-75.568,wikidata:Q48278,
"Melbourne, Australia",AU,Melbourne,Мельбурн,-37.814,144.963,wikidata:Q3141,
"Memphis, TN, United States",US,Memphis,Мемфіс,35.146,-90.052,wikidata:Q16563,
"Merida, Mexico",MX,Merida,Мерида,20.97,-89.62,wikidata:Q165204,
"Mersin, Turkey",TR,Mersin,Мерсін,36.8,34.617,wikidata:Q134291,
"Mexico City, Mexico",MX,Mexico City,Мехіко,19.354,-99.136,wikidata:Q1489,
"Miami, FL, United States",US,Miami,Маямі,25.774,-80.194,wikidata:Q8652,
"Milan, Italy",IT,Milan,Мілан,45.467,9.19,wikidata:Q490,
"Milton Keynes, United Kingdom",GB,Milton Keynes,Мілтон-Кінз,52.033,-0.767,wikidata:Q204234,
"Milwaukee, WI, United States",US,Milwaukee,Мілвокі,43.05,-87.95,wikidata:Q37836,
"Minneapolis, MN, United States",US,Minneapolis,Міннеаполіс,44.982,-93.269,wikidata:Q36091,
"Minsk, Belarus",BY,Minsk,Мінськ,53.902,27.562,wikidata:Q2280,
"Mississauga, Canada",CA,Mississauga,Міссісога,43.6,-79.65,wikidata:Q50816,
"Modena, Italy",IT,Modena,Модена,44.646,10.926,wikidata:Q279,
"Moncton, Canada",CA,Moncton,Монктон,46.093,-64.775,wikidata:Q457334,
"Monterrey, Mexico",MX,Monterrey,Монтеррей,25.684,-100.318,wikidata:Q81033,
"Montevideo, Uruguay",UY,Montevideo,Монтевідео,-34.906,-56.191,wikidata:Q1335,
"Montpellier, France",FR,Montpellier,Монпельє,43.611,3.877,wikidata:Q6441,
"Montreal, Canada",CA,Montreal,Монреаль,45.503,-73.587,wikidata:Q340,
"Moscow, Russia",RU,Moscow,Москва,55.751,37.617,wikidata:Q649,
"Mumbai, India",IN,Mumbai,Мумбай,19.076,72.877,wikidata:Q1156,
"Munich, Germany",DE,Munich,Мюнхен,48.138,11.575,wikidata:Q1726,
"Muscat, Oman",OM,Muscat,Маскат,23.614,58.592,wikidata:Q3826,
"Nairobi, Kenya",KE,Nairobi,Найробі,-1.286,36.817,wikidata:Q3870,
"Nanaimo, BC, Canada",CA,Nanaimo,Нанаймо,49.164,-123.936,wikidata:Q16461,
"Nanjing, China",CN,Nanjing,Нанкін,32.061,118.779,wikidata:Q16666,
"Naples, Italy",IT,Naples,Неаполь,40.836,14.249,wikidata:Q2634,
"Nashville, TN, United States",US,Nashville,Нашвілл,36.162,-86.774,wikidata:Q23197,
"Navi Mumbai, India",IN,Navi Mumbai,Наві-Мумбаї,19.03,73.01,wikidata:Q61445,
"New Cairo, Egypt",EG,New Cairo,Новий Каїр,30.03,31.47,review,Wikidata Q12191144: «Нью-Кайро» — check
"New Orleans, LA, United States",US,New Orleans,Новий Орлеан,29.976,-90.078,wikidata:Q34404,
"New Taipei City, Taiwan",TW,New Taipei City,Новий Тайбей,25.012,121.465,wikidata:Q244898,
"New York, NY, United States",US,New York,Нью-Йорк,40.713,-74.006,wikidata:Q60,
"Newcastle upon Tyne, United Kingdom",GB,Newcastle upon Tyne,Ньюкасл-апон-Тайн,54.978,-1.613,wikidata:Q1425428,
"Nice, France",FR,Nice,Ніцца,43.702,7.268,wikidata:Q33959,
"Nicosia, Cyprus",CY,Nicosia,Нікосія,35.172,33.365,wikidata:Q3856,
"Nis, Serbia",RS,Nis,Ниш,43.319,21.896,wikidata:Q129259,
"Nizhny Novgorod, Russia",RU,Nizhny Novgorod,Нижній Новгород,56.327,44.008,wikidata:Q891,
"Noida, India",IN,Noida,Нойда,28.57,77.32,wikidata:Q278204,
"Nottingham, United Kingdom",GB,Nottingham,Ноттінгем,52.955,-1.149,wikidata:Q41262,
"Novi Sad, Serbia",RS,Novi Sad,Новий Сад,45.264,19.832,wikidata:Q55630,
"Nuremberg, Germany",DE,Nuremberg,Нюрнберг,49.454,11.078,wikidata:Q2090,
"Oakland, CA, United States",US,Oakland,Окленд,37.8,-122.25,wikidata:Q17042,
"Odense, Denmark",DK,Odense,Оденсе,55.4,10.383,wikidata:Q25331,
"Odessa (Odesa), Ukraine",UA,Odesa,Одеса,46.477,30.733,wikidata:Q1874,
"Oklahoma City, OK, United States",US,Oklahoma City,Оклагома-Сіті,35.482,-97.535,wikidata:Q34863,
"Olympia, WA, United States",US,Olympia,Олімпія,47.042,-122.893,review,Wikidata Q42735: «Олимпія» — check spelling
"Omaha, NE, United States",US,Omaha,Омаха,41.259,-95.938,wikidata:Q43199,
"Oradea, Romania",RO,Oradea,Орадя,47.072,21.921,wikidata:Q93358,
"Orlando, FL, United States",US,Orlando,Орландо,28.534,-81.387,wikidata:Q49233,
"Osaka, Japan",JP,Osaka,Осака,34.694,135.502,wikidata:Q35765,
"Oslo, Norway",NO,Oslo,Осло,59.913,10.746,review,Wikidata matched another item
"Ostrava, Czech Republic",CZ,Ostrava,Острава,49.836,18.293,wikidata:Q8385,
"Ottawa, Canada",CA,Ottawa,Оттава,45.425,-75.695,wikidata:Q1930,
"Oulu, Finland",FI,Oulu,Оулу,65.014,25.472,wikidata:Q47048,
"Oviedo, Spain",ES,Oviedo,Ов’єдо,43.363,-5.842,wikidata:Q21414421,
"Oxford, United Kingdom",GB,Oxford,Оксфорд,51.752,-1.258,wikidata:Q34217,
"Padova, Italy",IT,Padova,Падуя,45.408,11.873,wikidata:Q617,
"Palermo, Italy",IT,Palermo,Палермо,38.116,13.361,wikidata:Q2656,
"Palma de Mallorca, Spain",ES,Palma de Mallorca,Пальма-де-Мальорка,39.567,2.65,review,Wikidata: «Пальма» — full name for clarity
"Panama City, Panama",PA,Panama City,Панама,8.971,-79.535,wikidata:Q3306,
"Paphos, Cyprus",CY,Paphos,Пафос,34.776,32.427,wikidata:Q180918,
"Paris, France",FR,Paris,Париж,48.857,2.352,wikidata:Q90,
"Parma, Italy",IT,Parma,Парма,44.801,10.328,wikidata:Q2683,
"Patna, India",IN,Patna,Патна,25.61,85.141,wikidata:Q80484,
"Patras, Greece",GR,Patras,Патри,38.246,21.735,wikidata:Q133123,
"Pattaya, Thailand",TH,Pattaya,Паттая,12.95,100.893,wikidata:Q170919,
"Pecs, Hungary",HU,Pecs,Печ,46.071,18.233,wikidata:Q45779,
"Penang, Malaysia",MY,Penang,Пенанг,5.415,100.329,review,Numbeo lists the state (Penang); George Town (Q61092) is the city — check
"Perth, Australia",AU,Perth,Перт,-31.956,115.86,wikidata:Q3183,
"Philadelphia, PA, United States",US,Philadelphia,Філадельфія,39.953,-75.164,wikidata:Q1345,
"Phnom Penh, Cambodia",KH,Phnom Penh,Пномпень,11.57,104.921,wikidata:Q1850,
"Phoenix, AZ, United States",US,Phoenix,Фінікс,33.448,-112.074,wikidata:Q16556,
"Phuket, Thailand",TH,Phuket,Пхукет,7.888,98.397,wikidata:Q844430,
"Pisa, Italy",IT,Pisa,Піза,43.717,10.4,wikidata:Q13375,
"Pittsburgh, PA, United States",US,Pittsburgh,Піттсбург,40.442,-80,wikidata:Q1342,
"Plovdiv, Bulgaria",BG,Plovdiv,Пловдив,42.142,24.741,wikidata:Q459,
"Plzen, Czech Republic",CZ,Plzen,Пльзень,49.741,13.383,wikidata:Q43453,
"Podgorica, Montenegro",ME,Podgorica,Подгориця,42.441,19.263,wikidata:Q23564,
"Portland, OR, United States",US,Portland,Портленд,45.515,-122.679,wikidata:Q6106,
"Porto Alegre, Brazil",BR,Porto Alegre,Порту-Алегрі,-30.033,-51.23,wikidata:Q40269,
"Porto, Portugal",PT,Porto,Порту,41.15,-8.611,wikidata:Q36433,
"Poznan, Poland",PL,Poznan,Познань,52.41,16.93,review,no Wikidata match; coordinates by hand
"Prague, Czech Republic",CZ,Prague,Прага,50.087,14.421,wikidata:Q1085,
"Pretoria, South Africa",ZA,Pretoria,Преторія,-25.746,28.188,wikidata:Q3926,
"Pristina, Kosovo (Disputed Territory)",XK,Pristina,Приштина,42.667,21.167,wikidata:Q25270,
"Puebla, Mexico",MX,Puebla,Пуебла,19.051,-98.218,wikidata:Q125293,
"Puerto Vallarta, Mexico",MX,Puerto Vallarta,Пуерто-Вальярта,20.641,-105.223,wikidata:Q853258,
"Pune, India",IN,Pune,Пуне,18.521,73.855,wikidata:Q1538,
"Qingdao, Shandong, China",CN,Qingdao,Ціндао,36.117,120.4,wikidata:Q170322,
"Quebec City, Canada",CA,Quebec City,Квебек,46.816,-71.224,wikidata:Q2145,
"Queretaro (Santiago de Querétaro), Mexico",MX,Querétaro,Керетаро,20.588,-100.388,review,"Wikidata Q173121: «Сантьяґо-де-Керетаро» — shortened, г as in other names"
"Quito, Ecuador",EC,Quito,Кіто,-0.22,-78.513,wikidata:Q2900,
"Rabat, Morocco",MA,Rabat,Рабат,34.021,-6.841,wikidata:Q3551,
"Rajkot, India",IN,Rajkot,Раджкот,22.292,70.793,wikidata:Q11854,
"Raleigh, NC, United States",US,Raleigh,Ролі,35.78,-78.64,wikidata:Q41087,
"Ras al-Khaimah, United Arab Emirates",AE,Ras al-Khaimah,Рас-ель-Хайма,25.785,55.948,wikidata:Q2126436,
"Rawalpindi, Pakistan",PK,Rawalpindi,Равалпінді,33.601,73.068,wikidata:Q93230,
"Reading, United Kingdom",GB,Reading,Редінг,51.454,-0.973,wikidata:Q161491,
"Recife, Brazil",BR,Recife,Ресіфі,-8.054,-34.881,wikidata:Q48344,
"Reggio Nell'emilia, Italy",IT,Reggio Emilia,Реджо-нель-Емілія,44.7,10.633,wikidata:Q13360,
"Regina, Canada",CA,Regina,Реджайна,50.455,-104.607,wikidata:Q2123,
"Reno, NV, United States",US,Reno,Рено,39.526,-119.813,wikidata:Q49225,
"Reykjavik, Iceland",IS,Reykjavik,Рейк’явік,64.147,-21.935,wikidata:Q1764,
"Richmond, VA, United States",US,Richmond,Ричмонд,37.541,-77.437,wikidata:Q43421,
"Riga, Latvia",LV,Riga,Рига,56.947,24.107,wikidata:Q1773,
"Rijeka, Croatia",HR,Rijeka,Рієка,45.333,14.433,wikidata:Q1647,
"Rimini, Italy",IT,Rimini,Ріміні,44.059,12.568,wikidata:Q13369,
"Rio de Janeiro, Brazil",BR,Rio de Janeiro,Ріо-де-Жанейро,-22.911,-43.206,wikidata:Q8678,
"Riyadh, Saudi Arabia",SA,Riyadh,Ер-Ріяд,24.65,46.71,wikidata:Q3692,
"Rochester, NY, United States",US,Rochester,Рочестер,43.166,-77.611,wikidata:Q49218,
"Rome, Italy",IT,Rome,Рим,41.893,12.483,wikidata:Q220,
"Rotterdam, Netherlands",NL,Rotterdam,Роттердам,51.92,4.48,review,no Wikidata match; coordinates by hand
"Rzeszow, Poland",PL,Rzeszow,Ряшів,50.041,21.999,wikidata:Q598,
"Saarbrucken, Germany",DE,Saarbrucken,Саарбрюккен,49.233,7,wikidata:Q1724,
"Sacramento, CA, United States",US,Sacramento,Сакраменто,38.575,-121.486,wikidata:Q18013,
"Saint Louis, MO, United States",US,Saint Louis,Сент-Луїс,38.626,-90.199,wikidata:Q38022,
"Saint Petersburg, Russia",RU,Saint Petersburg,Санкт-Петербург,59.95,30.317,wikidata:Q656,
"Salem, OR, United States",US,Salem,Сейлем,44.94,-123.039,wikidata:Q43919,
"Salt Lake City, UT, United States",US,Salt Lake City,Солт-Лейк-Сіті,40.75,-111.883,wikidata:Q23337,
"Salzburg, Austria",AT,Salzburg,Зальцбург,47.8,13.045,wikidata:Q34713,
"San Antonio, TX, United States",US,San Antonio,Сан-Антоніо,29.425,-98.494,wikidata:Q975,
"San Diego, CA, United States",US,San Diego,Сан-Дієго,32.715,-117.162,wikidata:Q16552,
"San Francisco, CA, United States",US,San Francisco,Сан-Франциско,37.775,-122.419,wikidata:Q62,
"San Jose, CA, United States",US,San Jose,Сан-Хосе,37.304,-121.873,wikidata:Q16553,
"San Jose, Costa Rica",CR,San Jose,Сан-Хосе,9.933,-84.08,wikidata:Q3070,
"San Juan, Puerto Rico",PR,San Juan,Сан-Хуан,18.47,-66.11,review,no Wikidata match; coordinates by hand
"San Miguel de Allende, Mexico",MX,San Miguel de Allende,Сан-Мігель-де-Альєнде,20.915,-100.744,review,Wikidata: «Сан-Міґель-де-Альєнде» — г as in other names
"San Salvador, El Salvador",SV,San Salvador,Сан-Сальвадор,13.698,-89.191,wikidata:Q3110,
"Santa Cruz, Bolivia",BO,Santa Cruz,Санта-Крус,-17.789,-63.197,review,Wikidata Q170688: «Санта-Крус-де-ла-Сьєрра» — shortened like Numbeo
"Santiago, Chile",CL,Santiago,Сантьяго,-33.438,-70.65,wikidata:Q2887,
"Santo Domingo, Dominican Republic",DO,Santo Domingo,Санто-Домінго,18.462,-69.936,wikidata:Q34820,
"Santos, Brazil",BR,Santos,Сантус,-23.934,-46.329,wikidata:Q81882,
"Sao Jose dos Campos, Brazil",BR,Sao Jose dos Campos,Сан-Жозе-дус-Кампус,-23.179,-45.887,wikidata:Q191642,
"Sao Paulo, Brazil",BR,Sao Paulo,Сан-Паулу,-23.55,-46.634,wikidata:Q174,
"Sarajevo, Bosnia And Herzegovina",BA,Sarajevo,Сараєво,43.856,18.413,wikidata:Q11194,
"Saskatoon, Canada",CA,Saskatoon,Саскатун,52.133,-106.683,wikidata:Q10566,
"Seattle, WA, United States",US,Seattle,Сіетл,47.605,-122.33,wikidata:Q5083,
"Seoul, South Korea",KR,Seoul,Сеул,37.56,126.99,wikidata:Q8684,
"Seville (Sevilla), Spain",ES,Seville,Севілья,37.386,-5.993,review,Wikidata matched another item
"Shanghai, China",CN,Shanghai,Шанхай,31.233,121.469,wikidata:Q8686,
"Sharjah, United Arab Emirates",AE,Sharjah,Шарджа,25.337,55.412,wikidata:Q289693,
"Shenzhen, China",CN,Shenzhen,Шеньчжень,22.547,114.054,wikidata:Q15174,
"Sibiu, Romania",RO,Sibiu,Сібіу,45.8,24.15,wikidata:Q83324,
"Siem Reap, Cambodia",KH,Siem Reap,Сіемреап,13.362,103.86,wikidata:Q11711,
"Singapore, Singapore",SG,Singapore,Сінгапур,1.3,103.8,wikidata:Q334,
"Skopje, North Macedonia",MK,Skopje,Скоп’є,41.996,21.432,wikidata:Q384,
"Sliema, Malta",MT,Sliema,Сліма,35.912,14.504,wikidata:Q39526,
"Sofia, Bulgaria",BG,Sofia,Софія,42.698,23.322,wikidata:Q472,
"Sousse, Tunisia",TN,Sousse,Сус,35.83,10.64,review,no Wikidata match; coordinates by hand
"Southampton, United Kingdom",GB,Southampton,Саутгемптон,50.907,-1.404,wikidata:Q79848,
"Split, Croatia",HR,Split,Спліт,43.51,16.44,wikidata:Q1663,
"Spokane, WA, United States",US,Spokane,Спокан,47.657,-117.424,wikidata:Q187805,
"Stara Zagora, Bulgaria",BG,Stara Zagora,Стара Загора,42.426,25.635,wikidata:Q170415,
"Stavanger, Norway",NO,Stavanger,Ставангер,58.97,5.733,review,Wikidata: «Ставанґер» — г as in other names
"Stockholm, Sweden",SE,Stockholm,Стокгольм,59.329,18.069,wikidata:Q1754,
"Strasbourg, France",FR,Strasbourg,Страсбург,48.573,7.752,wikidata:Q6602,
"Stuttgart, Germany",DE,Stuttgart,Штутгарт,48.778,9.18,wikidata:Q1022,
"Surabaya, Indonesia",ID,Surabaya,Сурабая,-7.246,112.738,wikidata:Q11462,
"Surat, India",IN,Surat,Сурат,21.205,72.84,wikidata:Q4629,
"Suzhou, China",CN,Suzhou,Сучжоу,31.3,120.619,wikidata:Q42622,
"Sydney, Australia",AU,Sydney,Сідней,-33.868,151.21,wikidata:Q3130,
"Syracuse, NY, United States",US,Syracuse,Сірак’юс,43.047,-76.144,wikidata:Q128069,
"Szczecin, Poland",PL,Szczecin,Щецин,53.425,14.555,wikidata:Q393,
"Szeged, Hungary",HU,Szeged,Сегед,46.25,20.167,wikidata:Q81581,
"Tacoma, WA, United States",US,Tacoma,Такома,47.252,-122.448,wikidata:Q199797,
"Taichung, Taiwan",TW,Taichung,Тайчжун,24.144,120.679,wikidata:Q245023,
"Taipei, Taiwan",TW,Taipei,Тайбей,25.038,121.563,wikidata:Q1867,
"Tallinn, Estonia",EE,Tallinn,Таллінн,59.437,24.745,wikidata:Q1770,
"Tampa, FL, United States",US,Tampa,Тампа,27.95,-82.46,review,Wikidata item without a Ukrainian label; coordinates by hand
"Tampere, Finland",FI,Tampere,Тампере,61.498,23.76,wikidata:Q40840,
"Tangier, Morocco",MA,Tangier,Танжер,35.77,-5.803,wikidata:Q126148,
"Targu Mures, Romania",RO,Targu Mures,Тиргу-Муреш,46.55,24.56,review,Wikidata: «Тирґу-Муреш» — г as in other names
"Tarragona, Spain",ES,Tarragona,Таррагона,41.12,1.25,review,no Wikidata match; coordinates by hand
"Tartu, Estonia",EE,Tartu,Тарту,58.38,26.723,wikidata:Q13972,
"Tashkent, Uzbekistan",UZ,Tashkent,Ташкент,41.311,69.28,wikidata:Q269,
"Tbilisi, Georgia",GE,Tbilisi,Тбілісі,41.722,44.792,wikidata:Q994,
"Tehran, Iran",IR,Tehran,Тегеран,35.689,51.39,wikidata:Q3616,
"Tel Aviv-Yafo, Israel",IL,Tel Aviv-Yafo,Тель-Авів,32.08,34.78,wikidata:Q33935,
"The Hague (Den Haag), Netherlands",NL,The Hague,Гаага,52.08,4.3,review,no Wikidata match; coordinates by hand
"Thessaloniki, Greece",GR,Thessaloniki,Салоніки,40.64,22.936,wikidata:Q17151,
"Thiruvananthapuram, India",IN,Thiruvananthapuram,Тируванантапурам,8.488,76.953,wikidata:Q167715,
"Timisoara, Romania",RO,Timisoara,Тімішоара,45.76,21.23,wikidata:Q83404,
"Tirana, Albania",AL,Tirana,Тирана,41.328,19.818,wikidata:Q19689,
"Tokyo, Japan",JP,Tokyo,Токіо,35.689,139.692,wikidata:Q1490,
"Toronto, Canada",CA,Toronto,Торонто,43.67,-79.387,wikidata:Q172,
"Toulouse, France",FR,Toulouse,Тулуза,43.604,1.443,wikidata:Q7880,
"Trento, Italy",IT,Trento,Тренто,46.07,11.12,review,Wikidata matched another item; coordinates by hand
"Treviso, Italy",IT,Treviso,Тревізо,45.666,12.246,wikidata:Q5475,
"Trieste, Italy",IT,Trieste,Трієст,45.65,13.77,wikidata:Q546,
"Trondheim, Norway",NO,Trondheim,Тронгейм,63.44,10.4,wikidata:Q25804,
"Tucson, AZ, United States",US,Tucson,Тусон,32.222,-110.926,wikidata:Q18575,
"Tulsa, OK, United States",US,Tulsa,Талса,36.131,-95.937,wikidata:Q44989,
"Tunis, Tunisia",TN,Tunis,Туніс,36.801,10.18,wikidata:Q3572,
"Turin, Italy",IT,Turin,Турин,45.079,7.676,wikidata:Q495,
"Turku, Finland",FI,Turku,Турку,60.452,22.267,wikidata:Q38511,
"Udine, Italy",IT,Udine,Удіне,46.067,13.233,wikidata:Q2790,
"Ulaanbaatar, Mongolia",MN,Ulaanbaatar,Улан-Батор,47.921,106.906,wikidata:Q23430,
"Utrecht, Netherlands",NL,Utrecht,Утрехт,52.09,5.12,review,no Wikidata match; coordinates by hand
"Vadodara, India",IN,Vadodara,Вадодара,22.3,73.2,wikidata:Q11909,
"Valencia, Spain",ES,Valencia,Валенсія,39.47,-0.38,review,no Wikidata match; coordinates by hand
"Valladolid, Spain",ES,Valladolid,Вальядолід,41.652,-4.729,review,Wikidata item without a Ukrainian label
"Vancouver, Canada",CA,Vancouver,Ванкувер,49.261,-123.114,wikidata:Q24639,
"Vancouver, WA, United States",US,Vancouver,Ванкувер,45.631,-122.672,wikidata:Q234053,
"Varna, Bulgaria",BG,Varna,Варна,43.211,27.911,wikidata:Q6506,
"Verona, Italy",IT,Verona,Верона,45.439,10.993,wikidata:Q2028,
"Victoria, Canada",CA,Victoria,Вікторія,48.422,-123.366,wikidata:Q2132,
"Vienna, Austria",AT,Vienna,Відень,48.208,16.372,wikidata:Q1741,
"Vigo, Spain",ES,Vigo,Віго,42.24,-8.72,review,Wikidata matched another item; coordinates by hand
"Villach, Austria",AT,Villach,Філлах,46.617,13.833,wikidata:Q483522,
"Vilnius, Lithuania",LT,Vilnius,Вільнюс,54.687,25.28,wikidata:Q216,
"Vlore, Albania",AL,Vlore,Вльора,40.45,19.483,wikidata:Q159610,
"Warsaw, Poland",PL,Warsaw,Варшава,52.23,21.011,wikidata:Q270,
"Washington, DC, United States",US,"Washington, D.C.",Вашингтон,38.895,-77.037,wikidata:Q61,
"Waterloo, Canada",CA,Waterloo,Ватерлоо,43.467,-80.517,wikidata:Q639408,
"Wellington, New Zealand",NZ,Wellington,Веллінгтон,-41.289,174.777,wikidata:Q23661,
"Wichita, KS, United States",US,Wichita,Вічита,37.689,-97.336,wikidata:Q49266,
"Windsor, Canada",CA,Windsor,Віндзор,42.317,-83.035,wikidata:Q182625,
"Winnipeg, Canada",CA,Winnipeg,Вінніпег,49.896,-97.139,wikidata:Q2135,
"Wroclaw, Poland",PL,Wroclaw,Вроцлав,51.11,17.032,wikidata:Q1799,
"Wuhan, China",CN,Wuhan,Ухань,30.595,114.297,wikidata:Q11746,
"Xi'an, China",CN,Xi'an,Сіань,34.261,108.942,wikidata:Q5826,
"Xiamen, China",CN,Xiamen,Сямень,24.48,118.082,wikidata:Q68744,
"Yekaterinburg, Russia",RU,Yekaterinburg,Єкатеринбург,56.836,60.613,wikidata:Q887,
"Yerevan, Armenia",AM,Yerevan,Єреван,40.181,44.514,wikidata:Q1953,
"Zagreb, Croatia",HR,Zagreb,Загреб,45.813,15.977,wikidata:Q1435,
"Zaragoza (Saragossa), Spain",ES,Zaragoza,Сарагоса,41.656,-0.879,review,Wikidata matched another item
"Zug, Switzerland",CH,Zug,Цуг,47.168,8.517,wikidata:Q68144,
"Zurich, Switzerland",CH,Zurich,Цюрих,47.374,8.541,wikidata:Q72,
