year,rank,brand,value_bn,change
2025,1,Apple,470.9,-3.7
2025,2,Microsoft,388.5,+10.2
2025,3,Amazon,319.9,+7.3
2025,4,Google,317.1,+8.9
2025,5,Samsung,90.5,-10.0
2025,6,Toyota,74.2,+2.0
2025,7,Coca-Cola,60.1,-1.9
2025,8,Instagram,57.3,+27.0
2025,9,McDonald's,53.0,+0.1
2025,10,Mercedes-Benz,50.1,-15.0
2025,11,Cisco,48.7,+7.0
2025,12,Louis Vuitton,48.4,-4.9
2025,13,YouTube,48.4,+60.7
2025,14,BMW,46.8,-10.0
2025,15,NVIDIA,43.2,+115.9
2025,16,Oracle,42.1,+11.6
2025,17,Disney,41.4,-3.3
2025,18,SAP,41.3,+12.2
2025,19,Facebook,41.3,+18.2
2025,20,Adobe,41.0,+3.9
2025,21,Hermès,40.9,+17.8
2025,22,IBM,39.4,+5.6
2025,23,Nike,33.7,-25.9
2025,24,Chanel,30.5,-8.3
2025,25,Tesla,29.5,-35.2
2025,26,J.P. Morgan,29.2,+7.7
2025,27,Allianz,28.2,+19.9
2025,28,Netflix,28.0,+42.3
2025,29,Honda,24.8,-7.3
2025,30,Hyundai,24.6,+6.9
2025,31,BlackRock,23.7,NEW
2025,32,Booking.com,23.5,NEW
2025,33,Visa,23.0,+8.9
2025,34,Sony,22.3,+7.2
2025,35,IKEA,22.2,-8.6
2025,36,MasterCard,21.1,+14.0
2025,37,Accenture,20.9,-4.5
2025,38,Pepsi,20.3,-3.2
2025,39,Qualcomm,20.1,NEW
2025,40,PayPal,19.8,+8.0
2025,41,Zara,19.4,+9.1
2025,42,Salesforce,19.2,+12.5
2025,43,AXA,18.3,+8.9
2025,44,GE Aerospace,18.2,NEW
2025,45,Airbnb,17.9,+3.6
2025,46,UPS,17.9,-10.4
2025,47,UNIQLO,17.7,NEW
2025,48,Siemens,17.6,+11.7
2025,49,adidas,17.4,+12.4
2025,50,LEGO,16.6,+18.4
2025,51,Dell,16.3,NEW
2025,52,Audi,15.4,-10.7
2025,53,Nintendo,15.4,+34.2
2025,54,Ferrari,15.4,+17.8
2025,55,Goldman Sachs,15.3,+6.4
2025,56,Volkswagen,15.0,-9.1
2025,57,Porsche,15.0,-13.9
2025,58,Spotify,14.9,+19.9
2025,59,L'Oréal Paris,14.7,-0.9
2025,60,Pampers,13.8,-4.9
2025,61,eBay,13.7,+5.9
2025,62,Citi,13.1,-9.4
2025,63,Nescafé,12.9,-4.6
2025,64,Uber,12.8,+38.6
2025,65,Schneider Electric,12.7,NEW
2025,66,Budweiser,12.0,+0.3
2025,67,HP,12.0,+3.2
2025,68,H&M,11.9,-12.7
2025,69,Gucci,11.6,-35.0
2025,70,Monster,11.5,NEW
2025,71,Intel,11.5,-41.7
2025,72,HSBC,11.5,-8.2
2025,73,Cartier,11.2,+5.4
2025,74,Philips,10.6,-3.3
2025,75,LinkedIn,10.4,+9.3
2025,76,Colgate,10.4,-3.2
2025,77,Santander,10.3,+3.4
2025,78,Gillette,10.2,+1.0
2025,79,Nestlé,9.8,-13.7
2025,80,Corona,9.7,+11.9
2025,81,Xiaomi,9.5,+18.4
2025,82,Nissan,9.4,-32.5
2025,83,Dior,9.3,-10.1
2025,84,Caterpillar,9.2,+6.1
2025,85,Nasdaq,9.2,NEW
2025,86,Prada,9.0,+8.4
2025,87,3M,8.9,+0.5
2025,88,John Deere,8.8,NEW
2025,89,Kia,8.5,+5.5
2025,90,BYD,8.1,NEW
2025,91,Danone,8.1,-3.7
2025,92,FedEx,7.8,-6.2
2025,93,Sephora,7.7,+6.8
2025,94,Tiffany & Co.,7.6,+4.3
2025,95,Pandora,7.6,+6.7
2025,96,Huawei,7.6,+11.1
2025,97,Range Rover,7.2,+8.8
2025,98,Nespresso,7.0,+5.2
2025,99,Shopify,6.9,NEW
2025,100,DHL,6.9,-5.7
2024,1,Apple,488.9,-2.7
2024,2,Microsoft,352.5,+11.3
2024,3,Amazon,298.1,+7.6
2024,4,Google,291.3,+11.9
2024,5,Samsung,100.6,+10.1
2024,6,Toyota,72.8,+12.9
2024,7,Coca-Cola,61.2,+5.4
2024,8,Mercedes-Benz,58.9,-4.1
2024,9,McDonald's,53.0,+3.9
2024,10,BMW,52.0,+1.6
2024,11,Louis Vuitton,50.9,+9.4
2024,12,Tesla,45.5,-8.9
2024,13,Cisco,45.5,+5.0
2024,14,Nike,45.4,-15.6
2024,15,Instagram,45.1,+14.6
2024,16,Disney,42.8,-11.3
2024,17,Adobe,39.4,+12.6
2024,18,Oracle,37.7,+8.9
2024,19,IBM,37.3,+6.8
2024,20,SAP,36.8,+11.3
2024,21,Facebook,34.9,+10.4
2024,22,Hermès,34.7,+14.9
2024,23,Chanel,33.2,+7.1
2024,24,YouTube,30.1,+15.6
2024,25,J.P. Morgan,27.1,+4.7
2024,26,Honda,26.7,+9.4
2024,27,American Express,26.7,+10.8
2024,28,IKEA,24.3,+5.9
2024,29,Allianz,23.5,+12.7
2024,30,Hyundai,23.0,+12.7
2024,31,Accenture,21.9,+2.7
2024,32,Visa,21.1,+13.4
2024,33,Pepsi,21.0,+6.2
2024,34,Sony,20.8,+9.1
2024,35,UPS,20.0,-1.8
2024,36,NVIDIA,20.0,NEW
2024,37,Intel,19.7,-30.4
2024,38,Netflix,19.7,+10.0
2024,39,MasterCard,18.5,NEW
2024,40,PayPal,18.3,+2.8
2024,41,Gucci,17.9,-10.4
2024,42,Zara,17.8,+7.9
2024,43,Porsche,17.4,+7.3
2024,44,Airbnb,17.3,+5.8
2024,45,Audi,17.3,+5.8
2024,46,Salesforce,17.1,-6.6
2024,47,GE,17.1,+11.7
2024,48,AXA,16.8,+2.4
2024,49,Volkswagen,16.5,+9.0
2024,50,Siemens,15.8,+8.3
2024,51,adidas,15.5,-6.4
2024,52,Starbucks,15.3,-0.7
2024,53,L'Oréal Paris,14.8,+8.5
2024,54,Pampers,14.5,+5.3
2024,55,Citi,14.5,+6.4
2024,56,Ford,14.4,-3.1
2024,57,Goldman Sachs,14.4,+1.3
2024,58,LEGO,14.0,+7.1
2024,59,Nissan,13.9,+9.7
2024,60,H&M,13.6,-0.4
2024,61,Nescafé,13.5,-8.9
2024,62,Ferrari,13.1,+21.0
2024,63,eBay,12.9,+1.2
2024,64,HSBC,12.5,+6.5
2024,65,Spotify,12.4,+11.6
2024,66,Morgan Stanley,12.4,+9.0
2024,67,Budweiser,12.0,-7.6
2024,68,HP,11.6,-2.0
2024,69,Nintendo,11.5,+9.5
2024,70,Nestlé,11.3,-0.6
2024,71,Philips,11.0,-1.9
2024,72,Colgate,10.7,+2.6
2024,73,Cartier,10.6,+7.4
2024,74,Dior,10.4,+7.6
2024,75,Gillette,10.1,-3.3
2024,76,Santander,10.0,+4.1
2024,77,LinkedIn,9.5,+10.5
2024,78,Uber,9.2,NEW
2024,79,3M,8.9,-9.1
2024,80,Corona,8.7,+7.6
2024,81,Caterpillar,8.7,+7.9
2024,82,Danone,8.4,-8.2
2024,83,Prada,8.3,+13.4
2024,84,FedEx,8.3,+2.9
2024,85,Kellogg's,8.2,-7.5
2024,86,Kia,8.1,+14.7
2024,87,Xiaomi,8.0,+10.1
2024,88,DHL,7.3,-5.3
2024,89,Tiffany & Co.,7.3,+3.8
2024,90,Sephora,7.2,+13.8
2024,91,Pandora,7.1,NEW
2024,92,Hewlett Packard Enterprise,6.8,+2.4
2024,93,Huawei,6.8,+4.4
2024,94,Nespresso,6.7,+8.6
2024,95,KFC,6.7,+4.8
2024,96,Range Rover,6.6,NEW
2024,97,LG,6.5,NEW
2024,98,Panasonic,6.4,-4.5
2024,99,Jordan,6.4,NEW
2024,100,Heineken,6.3,+3.9
2023,1,Apple,502.7,+4.2
2023,2,Microsoft,316.7,+13.8
2023,3,Amazon,276.9,+0.8
2023,4,Google,260.3,+3.4
2023,5,Samsung,91.4,+4.2
2023,6,Toyota,64.5,+7.9
2023,7,Mercedes-Benz,61.4,+9.5
2023,8,Coca-Cola,58.0,+0.9
2023,9,Nike,53.8,+6.9
2023,10,BMW,51.2,+10.4
2023,11,McDonald's,51.0,+4.8
2023,12,Tesla,49.9,+4.0
2023,13,Disney,48.3,-4.1
2023,14,Louis Vuitton,46.5,+4.6
2023,15,Cisco,43.3,+5.0
2023,16,Instagram,39.3,+7.7
2023,17,Adobe,35.0,+14.1
2023,18,IBM,34.9,+2.0
2023,19,Oracle,34.6,NEW
2023,20,SAP,33.1,+5.0
2023,21,Facebook,31.6,-8.4
2023,22,Chanel,31.0,+6.0
2023,23,Hermès,30.2,+10.2
2023,24,Intel,28.3,-14.0
2023,25,YouTube,26.0,+7.3
2023,26,J.P. Morgan,25.9,+6.3
2023,27,Honda,24.4,+6.9
2023,28,American Express,24.1,+8.9
2023,29,IKEA,22.9,+4.6
2023,30,Accenture,21.3,+4.4
2023,31,Allianz,20.9,+11.5
2023,32,Hyundai,20.4,+17.9
2023,33,UPS,20.4,-3.7
2023,34,Gucci,20.0,-2.2
2023,35,Pepsi,19.8,+0.7
2023,36,Sony,19.1,+12.2
2023,37,Visa,18.6,+7.8
2023,38,Salesforce,18.3,+5.8
2023,39,Netflix,17.9,+9.4
2023,40,PayPal,17.8,+4.3
2023,41,Mastercard,17.1,+6.3
2023,42,adidas,16.6,+4.0
2023,43,Zara,16.5,+10.3
2023,44,AXA,16.4,+4.2
2023,45,Audi,16.4,+9.2
2023,46,Airbnb,16.3,+21.8
2023,47,Porsche,16.2,+20.1
2023,48,Starbucks,15.4,+9.7
2023,49,GE,15.3,-19.9
2023,50,Volkswagen,15.1,+2.2
2023,51,Ford,14.9,+3.0
2023,52,Nescafé,14.8,-1.6
2023,53,Siemens,14.6,+9.2
2023,54,Goldman Sachs,14.2,-2.1
2023,55,Pampers,13.8,-0.4
2023,56,H&M,13.6,+5.1
2023,57,L'Oréal Paris,13.6,+5.6
2023,58,Citi,13.6,+5.0
2023,59,LEGO,13.1,+10.3
2023,60,Red Bull,13.0,+12.5
2023,61,Budweiser,13.0,-16.2
2023,62,eBay,12.7,-0.2
2023,63,Nissan,12.7,+3.8
2023,64,HP,11.8,-0.4
2023,65,HSBC,11.7,+4.3
2023,66,Morgan Stanley,11.4,+3.0
2023,67,Nestlé,11.4,+4.1
2023,68,Philips,11.2,-12.4
2023,69,Spotify,11.1,+7.7
2023,70,Ferrari,10.8,+15.6
2023,71,Nintendo,10.5,-1.7
2023,72,Gillette,10.4,+2.3
2023,73,Colgate,10.4,+3.0
2023,74,Cartier,9.9,+3.6
2023,75,3M,9.8,-6.8
2023,76,Dior,9.7,+8.4
2023,77,Santander,9.6,+6.6
2023,78,Danone,9.2,-3.9
2023,79,Kellogg's,8.9,+1.3
2023,80,LinkedIn,8.6,+13.2
2023,81,Corona,8.1,+4.1
2023,82,FedEx,8.1,-1.2
2023,83,Caterpillar,8.1,+9.0
2023,84,DHL,7.7,+2.5
2023,85,Jack Daniel's,7.6,+5.9
2023,86,Prada,7.3,+11.8
2023,87,Xiaomi,7.3,-0.8
2023,88,Kia,7.1,+6.8
2023,89,Tiffany & Co.,7.0,+7.3
2023,90,Panasonic,6.7,+5.7
2023,91,Hewlett Packard Enterprise,6.6,+2.4
2023,92,Huawei,6.5,-1.8
2023,93,Hennessy,6.4,+5.5
2023,94,Burberry,6.4,+8.9
2023,95,KFC,6.4,+5.0
2023,96,Johnson & Johnson,6.4,+4.2
2023,97,Sephora,6.3,+15.3
2023,98,Nespresso,6.2,NEW
2023,99,Heineken,6.1,+1.0
2023,100,Canon,6.0,+3.5
2022,1,Apple,482.2,+18.1
2022,2,Microsoft,278.3,+32.4
2022,3,Amazon,274.8,+10.3
2022,4,Google,251.8,+27.9
2022,5,Samsung,87.7,+17.5
2022,6,Toyota,59.8,+10.4
2022,7,Coca-Cola,57.5,+0.1
2022,8,Mercedes-Benz,56.1,+10.3
2022,9,Disney,50.3,+13.9
2022,10,Nike,50.3,+18.2
2022,11,McDonald's,48.6,+6.1
2022,12,Tesla,48.0,+32.3
2022,13,BMW,46.3,+11.3
2022,14,Louis Vuitton,44.5,+21.1
2022,15,Cisco,41.3,+14.0
2022,16,Instagram,36.5,+14.1
2022,17,Facebook,34.5,-4.7
2022,18,IBM,34.2,+3.0
2022,19,Intel,32.9,-8.0
2022,20,SAP,31.5,+4.7
2022,21,Adobe,30.7,+23.5
2022,22,Chanel,29.3,+32.3
2022,23,Hermès,27.4,+26.8
2022,24,J.P. Morgan,24.3,+13.7
2022,25,YouTube,24.3,NEW
2022,26,Honda,22.8,+7.1
2022,27,American Express,22.1,+15.9
2022,28,IKEA,21.9,+9.5
2022,29,UPS,21.2,+9.2
2022,30,Gucci,20.4,+22.6
2022,31,Accenture,20.4,+14.9
2022,32,Pepsi,19.6,+1.0
2022,33,GE,19.1,+3.7
2022,34,Allianz,18.7,+23.2
2022,35,Hyundai,17.3,+14.1
2022,36,Salesforce,17.3,+17.2
2022,37,Visa,17.3,+17.1
2022,38,PayPal,17.1,+19.1
2022,39,Sony,17.0,+17.6
2022,40,Netflix,16.4,+8.9
2022,41,Mastercard,16.1,+23.4
2022,42,adidas,15.9,+19.1
2022,43,AXA,15.7,+17.4
2022,44,Budweiser,15.5,+3.1
2022,45,Nescafé,15.1,+4.1
2022,46,Audi,15.0,+11.1
2022,47,Zara,15.0,+10.8
2022,48,Volkswagen,14.8,+10.4
2022,49,Goldman Sachs,14.5,+16.3
2022,50,Ford,14.4,+12.2
2022,51,Starbucks,14.1,+8.0
2022,52,Pampers,13.8,-0.6
2022,53,Porsche,13.5,+15.0
2022,54,Airbnb,13.4,NEW
2022,55,Siemens,13.4,+20.9
2022,56,H&M,13.0,-8.1
2022,57,Citi,13.0,+3.8
2022,58,L'Oréal Paris,12.9,+3.3
2022,59,Philips,12.8,+5.9
2022,60,eBay,12.8,+3.9
2022,61,Nissan,12.2,+9.7
2022,62,HP,11.9,+13.4
2022,63,LEGO,11.8,+30.4
2022,64,Red Bull,11.5,NEW
2022,65,HSBC,11.2,+9.0
2022,66,Morgan Stanley,11.0,+17.7
2022,67,Nestlé,10.9,+2.6
2022,68,Nintendo,10.7,+16.1
2022,69,3M,10.5,+8.3
2022,70,Spotify,10.3,+5.8
2022,71,Gillette,10.2,-4.2
2022,72,Colgate,10.1,+5.2
2022,73,Danone,9.5,-3.2
2022,74,Cartier,9.5,+16.7
2022,75,Ferrari,9.4,+30.8
2022,76,Santander,9.0,+11.3
2022,77,Dior,8.9,+27.0
2022,78,Kellogg's,8.7,+1.2
2022,79,FedEx,8.2,+8.2
2022,80,Corona,7.8,+11.7
2022,81,LinkedIn,7.6,+19.3
2022,82,DHL,7.5,+11.4
2022,83,Caterpillar,7.4,+13.7
2022,84,Xiaomi,7.3,NEW
2022,85,Jack Daniel's,7.2,+9.7
2022,86,Huawei,6.6,+7.1
2022,87,Kia,6.6,+8.6
2022,88,Tiffany & Co.,6.6,+19.5
2022,89,Prada,6.5,+20.9
2022,90,Hewlett Packard Enterprise,6.5,+2.7
2022,91,Panasonic,6.3,+8.7
2022,92,Johnson & Johnson,6.1,+3.3
2022,93,Hennessy,6.1,+15.3
2022,94,KFC,6.1,+12.2
2022,95,Heineken,6.0,+4.9
2022,96,Burberry,5.9,+13.9
2022,97,Canon,5.8,-15.5
2022,98,Land Rover,5.6,+9.9
2022,99,MINI,5.6,+6.7
2022,100,Sephora,5.5,+18.6
2021,1,Apple,408.3,+26.4
2021,2,Amazon,249.2,+24.2
2021,3,Microsoft,210.2,+26.6
2021,4,Google,196.8,+19.0
2021,5,Samsung,74.6,+19.8
2021,6,Coca-Cola,57.5,+1.0
2021,7,Toyota,54.1,+4.9
2021,8,Mercedes-Benz,50.9,+3.2
2021,9,McDonald's,45.9,+7.1
2021,10,Disney,44.2,+8.4
2021,11,Nike,42.5,+23.7
2021,12,BMW,41.6,+4.7
2021,13,Louis Vuitton,36.8,+15.9
2021,14,Tesla,36.3,+183.7
2021,15,Facebook,36.2,+3.0
2021,16,Cisco,36.2,+6.2
2021,17,Intel,35.8,-3.3
2021,18,IBM,33.3,-4.7
2021,19,Instagram,32.0,+22.8
2021,20,SAP,30.1,+7.4
2021,21,Adobe,24.8,+36.4
2021,22,Chanel,22.1,+4.3
2021,23,Hermès,21.6,+20.3
2021,24,J.P. Morgan,21.4,+5.8
2021,25,Honda,21.3,-1.7
2021,26,YouTube,20.9,+20.6
2021,27,IKEA,20.0,+6.2
2021,28,Pepsi,19.4,+4.5
2021,29,UPS,19.4,+1.1
2021,30,American Express,19.1,-2.0
2021,31,GE,18.4,+2.6
2021,32,Accenture,17.8,+7.3
2021,33,Gucci,16.7,+6.3
2021,34,Allianz,15.2,+17.3
2021,35,Hyundai,15.2,+6.1
2021,36,Netflix,15.0,+18.7
2021,37,Budweiser,15.0,-3.7
2021,38,Salesforce,14.8,+37.3
2021,39,Visa,14.7,+18.9
2021,40,Nescafé,14.5,+4.1
2021,41,Sony,14.4,+20.3
2021,42,PayPal,14.3,+36.2
2021,43,H&M,14.1,+0.9
2021,44,Pampers,13.9,-7.7
2021,45,Zara,13.5,-9.1
2021,46,Audi,13.5,+8.4
2021,47,Volkswagen,13.4,+9.4
2021,48,AXA,13.4,+9.8
2021,49,adidas,13.4,+10.9
2021,50,Mastercard,13.1,+18.2
2021,51,Starbucks,13.0,+15.7
2021,52,Ford,12.9,+2.3
2021,53,L'Oréal Paris,12.5,-0.4
2021,54,Citi,12.5,+4.7
2021,55,Goldman Sachs,12.5,+3.0
2021,56,eBay,12.3,+0.1
2021,57,Philips,12.1,+3.6
2021,58,Porsche,11.7,+3.9
2021,59,Nissan,11.1,+5.5
2021,60,Siemens,11.0,+5.1
2021,61,Gillette,10.7,-8.0
2021,62,Nestlé,10.6,+3.8
2021,63,HP,10.5,+7.6
2021,64,HSBC,10.3,+2.0
2021,65,Danone,9.8,-4.8
2021,66,Spotify,9.8,+16.4
2021,67,3M,9.7,+3.1
2021,68,Colgate,9.6,+3.0
2021,69,Morgan Stanley,9.4,+5.8
2021,70,Nintendo,9.2,+26.1
2021,71,LEGO,9.1,+20.5
2021,72,Kellogg's,8.6,-9.5
2021,73,Cartier,8.2,+8.9
2021,74,Santander,8.1,+8.4
2021,75,FedEx,7.5,+2.5
2021,76,Ferrari,7.2,+12.2
2021,77,Dior,7.0,+17.3
2021,78,Corona,7.0,+5.9
2021,79,Canon,6.9,-14.4
2021,80,DHL,6.7,+7.3
2021,81,Jack Daniel's,6.5,+4.0
2021,82,Caterpillar,6.5,+11.1
2021,83,LinkedIn,6.4,+22.2
2021,84,Hewlett Packard Enterprise,6.3,-5.1
2021,85,Huawei,6.2,-1.7
2021,86,Kia,6.1,+4.4
2021,87,Johnson & Johnson,5.9,+3.0
2021,88,Panasonic,5.8,-0.2
2021,89,Heineken,5.7,+3.6
2021,90,John Deere,5.6,+4.6
2021,91,Zoom,5.5,+23.5
2021,92,Tiffany & Co.,5.5,+10.4
2021,93,KFC,5.4,+6.2
2021,94,Prada,5.4,+20.5
2021,95,Hennessy,5.3,+3.4
2021,96,MINI,5.2,+5.4
2021,97,Burberry,5.2,+8.0
2021,98,Land Rover,5.1,+0.2
2021,99,Uber,4.7,-4.4
2021,100,Sephora,4.6,NEW
2020,1,Apple,323.0,+37.9
2020,2,Amazon,200.7,+60.2
2020,3,Microsoft,166.0,+52.5
2020,4,Google,165.4,-1.4
2020,5,Samsung,62.3,+1.9
2020,6,Coca-Cola,56.9,-10.2
2020,7,Toyota,51.6,-8.3
2020,8,Mercedes-Benz,49.3,-3.1
2020,9,McDonald's,42.8,-5.6
2020,10,Disney,40.8,-8.1
2020,11,BMW,39.8,-4.1
2020,12,Intel,37.0,-8.0
2020,13,Facebook,35.2,-11.7
2020,14,IBM,34.9,-13.6
2020,15,Nike,34.4,+6.2
2020,16,Cisco,34.1,-4.0
2020,17,Louis Vuitton,31.7,-1.6
2020,18,SAP,28.0,+11.6
2020,19,Instagram,26.1,NEW
2020,20,Honda,21.7,-11.2
2020,21,Chanel,21.2,-4.2
2020,22,J.P. Morgan,20.2,+6.2
2020,23,American Express,19.5,-10.0
2020,24,UPS,19.2,+6.0
2020,25,IKEA,18.9,+2.5
2020,26,Pepsi,18.6,-9.2
2020,27,Adobe,18.2,+40.7
2020,28,Hermès,18.0,+0.2
2020,29,GE,18.0,-29.7
2020,30,YouTube,17.3,NEW
2020,31,Accenture,16.6,+2.1
2020,32,Gucci,15.7,-1.7
2020,33,Budweiser,15.6,-2.6
2020,34,Pampers,15.1,-4.4
2020,35,Zara,14.9,-13.5
2020,36,Hyundai,14.3,+1.0
2020,37,H&M,14.0,-14.3
2020,38,Nescafé,13.9,+2.2
2020,39,Allianz,12.9,+7.1
2020,40,Tesla,12.8,NEW
2020,41,Netflix,12.7,+41.3
2020,42,Ford,12.6,-12.3
2020,43,L'Oréal Paris,12.6,+8.3
2020,44,Audi,12.4,-2.1
2020,45,Visa,12.4,+15.3
2020,46,eBay,12.3,+2.2
2020,47,Volkswagen,12.3,-5.1
2020,48,AXA,12.2,+3.2
2020,49,Goldman Sachs,12.1,+6.8
2020,50,adidas,12.1,+0.7
2020,51,Sony,12.0,+14.2
2020,52,Citi,11.9,-6.0
2020,53,Philips,11.7,+0.1
2020,54,Gillette,11.6,-15.8
2020,55,Porsche,11.3,-3.0
2020,56,Starbucks,11.2,-4.7
2020,57,Mastercard,11.1,+17.2
2020,58,Salesforce,10.8,+34.4
2020,59,Nissan,10.6,-8.3
2020,60,PayPal,10.5,+38.3
2020,61,Siemens,10.5,+2.5
2020,62,Danone,10.3,+4.3
2020,63,Nestlé,10.3,+7.5
2020,64,HSBC,10.1,-14.4
2020,65,HP,9.7,-10.6
2020,66,Kellogg's,9.5,-8.4
2020,67,3M,9.4,+4.1
2020,68,Colgate,9.3,+5.9
2020,69,Morgan Stanley,8.9,+8.3
2020,70,Spotify,8.4,+52.1
2020,71,Canon,8.1,-15.0
2020,72,LEGO,7.5,+9.5
2020,73,Cartier,7.5,-8.5
2020,74,Santander,7.5,-12.3
2020,75,FedEx,7.4,+5.3
2020,76,Nintendo,7.3,+31.5
2020,77,Hewlett Packard Enterprise,6.7,-15.9
2020,78,Corona,6.6,+3.0
2020,79,Ferrari,6.4,-1.2
2020,80,Huawei,6.3,-8.5
2020,81,DHL,6.3,+5.0
2020,82,Jack Daniel's,6.3,-0.9
2020,83,Dior,6.0,-0.9
2020,84,Caterpillar,5.9,-13.8
2020,85,Panasonic,5.8,-5.6
2020,86,Kia,5.8,-9.3
2020,87,Johnson & Johnson,5.8,+0.8
2020,88,Heineken,5.5,-1.9
2020,89,John Deere,5.4,-8.8
2020,90,LinkedIn,5.2,+7.7
2020,91,Hennessy,5.1,-3.3
2020,92,KFC,5.1,-7.2
2020,93,Land Rover,5.1,-13.3
2020,94,Tiffany & Co.,5.0,-6.9
2020,95,MINI,5.0,-10.2
2020,96,Uber,4.9,-13.5
2020,97,Burberry,4.8,-7.6
2020,98,Johnnie Walker,4.6,NEW
2020,99,Prada,4.5,-6.0
2020,100,Zoom,4.5,NEW
